﻿room_id,标题,主播,人气,分类
7734200,【直播】TT vs FPX,哔哩哔哩英雄联盟赛事,450113,未知分类
545068,德云色 解说AL BLG！主队加油！,老实憨厚的笑笑,253311,未知分类
21733448,斗魂10鸡下播,阿帅派克,64481,未知分类
22907643,斗魂大王,阳光男孩小丑熊,57767,未知分类
24022841,5点二路,Langx919,50104,未知分类
1710489753,24小时电竞女友派单现场！,GT电竞派单一厅,38119,未知分类
1921279292,你乖就给你阿尔卑斯吃！,软软的小辣椒-淼,24595,未知分类
1924299677,24小时电竞派单 美女电竞师陪你打游戏,Dae-电竞明星,24446,未知分类
25096826,艾欧尼亚欢迎你,尤尤is,20965,未知分类
407824,S10下棋我们来了啊啊啊,闰土小王子呀,16208,未知分类
22427859,韩服第二！全新AD卡特科研中,莲华刀卡特,15976,未知分类
22889482,灵魂莲华版本来袭！千珏King~,小柳梢z,13550,未知分类
22495291,云顶谁是棋王活动！,妙妙子Official,13524,未知分类
30027356,最强2费卡！简单无脑轻松上大分.....,锅包柔柔,13190,未知分类
7103572,你好，我叫俄..,爆炒肥肠咿呀,10678,未知分类
31352368,顶级温御有车位,是秋刀御鸭,10478,未知分类
21507954,做人失败 超雄牢太！,阿洛鸽鸽,9064,未知分类
21783010,与美女无限大乱斗新版本新机制艾欧尼亚匹配,喝奶茶不失眠,8849,未知分类
32762425,《摄像头》一起来下棋吗,梦鹿丶梦宝不c,8341,未知分类
1830370315,【流行】姐姐的深情演唱,云初_绊脚石冠,8160,未知分类
26474585,下单 直播还单,Ss-星河清梦-电竞派单,7369,未知分类
25971705,国服第4鳄鱼！冲第一！峡谷王者局！,王氏上单-王子0,7078,未知分类
5472071,英雄亚冠ACL云顶之弈亚洲挑战赛,英雄联盟,6645,未知分类
31500144,电一匹配有位置，随便杀,妔妔酱,5888,未知分类
24530995,韩服已经五百分，减少互动，认真冲分,齐枫永恩,5755,未知分类
12442759,因为怕疼全出肉了,心钢亚索王,5566,未知分类
25395907,峡谷宗师阿卡丽，学阿卡丽进,小羊chase,5491,未知分类
9401366,艾欧尼亚大乱斗带带我 （有位喵）,乱斗皮皮,5397,未知分类
23481767,国1人马寡妇.最强带粉帮打,猫九lolm,4941,未知分类
23281270,艾欧尼亚开心大乱斗 有位,遇风止遥,4822,未知分类
23313318,逮捕王慕霸,世一金克丝,4761,未知分类
31600397,杰斯幸存者今年还会返场吗,巧克力杰斯,4625,未知分类
23719576,剑魔打野15天冲两个至尊飞羽,相遇xy丶,4597,未知分类
9630300,你的大乱斗搭子突然出现！（疯狂星期四,春末haru,4532,未知分类
24541,十年主播 不圈钱 纯菜 纯折磨,你的苏暖,4416,未知分类
1920457257,不三猫咪，关注扣1免费上分，猫咪专场,小奕棋丶亚当,4373,未知分类
22656030,【免费上车】广东甜妹仙灵宣宣,雨宫宣纸,4343,未知分类
1919216529,17点LPL二路TTvsFPX,waywardzz,4146,未知分类
26021538,甜妹超乖有车位~,恋如雨止う,3848,未知分类
21308847,【个人势】电一超绝偷感战队,皮皮小雪菜,3728,未知分类
21951845,有位 电一匹配冲冲！,小凇栗一,3690,未知分类
8804333,【瓦 青铜】不跟我打游戏还不跟我聊天？,可愛包包,3642,未知分类
25232703,国服ad 温柔软妹带你上分，双区有号,好运淋,3350,未知分类
32633922,（一区乱斗）快来和暖心小姐姐一起大乱斗吧,一只许多喵,3254,未知分类
32119967,甜妹在线带飞,奈恩酱咩,3238,未知分类
11837460,Day7斗魂竞技场！料竞技场见我应如是,柑叶emmm,3225,未知分类
32572112,简单玩玩,我依旧纯粹,3208,未知分类
24755855,卢登阿狸真神！,和音HoYin,3148,未知分类
3575820,犯错是人之常情，用完了记得说谢谢哦,゚和泉千晶゚,2937,未知分类
9212085,辅助真有这么难玩？？？？,惟吾柴PandaKinG,2930,未知分类
1896527869,"亲亲你,<em class=""keyword"">英雄联盟</em>启动",卿卿墨依,2916,未知分类
11385080,崩 铁 原  启动,夜夜yo,2842,未知分类
7261262,凯隐真好玩！大师局乱杀,长情易老凯隐,2779,未知分类
198802,养成系东北男辅助，求求带我上星吧QAQ！,羽晓落丶,2723,未知分类
3752956,我要把失去的拿回来,003ad,2330,未知分类
24461188,接包天，每天直播 赚100W退休,茄子小布丁,2189,未知分类
290127,新晋女牌佬，我染上俱舍了,瑠璃川こはくOfficial,2094,未知分类
27739545,电一笨蛋美人,十六夜Yuki_,2065,未知分类
370627,【转播】獅子堂あかり,徳忒,2039,未知分类
15122772,版本最强阵容，运营思路是关键！,陈暮冬,2015,未知分类
1819581369,有车位  欢迎压力主包 电一灵活/匹配,小猫biubiu-,2006,未知分类
25340853,【有位置】他说我一般,汤圆就是汤圆,1817,未知分类
31158092,灯牌上号,lol全能王z,1813,未知分类
9589054,噢耶 我见过马 天才美少女中单沦落黄金,网友塔顺菲丨,1662,未知分类
24710581,盖伦：看眼爆炸，靠近融化!,官庄小神龙,1654,未知分类
27242974,【有车位】不为世间作乐,风间左左,1608,未知分类
27370961,国二艾希 峡谷之巅冲前十,依米花AD,1542,未知分类
27495764,香香软软的可爱男孩子,筱昧の,1424,未知分类
27128003,国1上阿狸接包天/帮打/刷熟练/陪,青石阿狸,1377,未知分类
1700891101,重生之乱斗像打排位，艾欧尼亚大乱斗顶分,不复年少--,1375,未知分类
5995024,"《解限机》传奇耐播王燃尽前还在玩<em class=""keyword"">英雄联盟</em>",DESTINY天霸,1344,未知分类
30039752,天才地沟油少女,阿竹pp,1340,未知分类
9216557,（千分AD）AD教学  学会轻松上钻,蔬菜鸡腿表弟ad,1338,未知分类
1948319474,川妹子在线直播,不要叫莪兔兔,1313,未知分类
2055300,大师也当人机打，等个包天等个单秒上,打野诉心语,1230,未知分类
1804899577,大手子勇闯绝密,CaoFB-三角洲行动,1208,未知分类
23143605,别让我C了，求求了！,萌哥之王,1123,未知分类
22450834,维护一下,应星阿狸,1087,未知分类
26254680,峡谷千分一区1400 一区大师,突突奥拉夫,1053,未知分类
30626884,B站第一老鼠！艾欧尼亚最高分老鼠,无敌图奇大王鼠鼠洋洋,961,未知分类
12851750,"解压  <em class=""keyword"">lol</em>启动",杜鹃茗,935,未知分类
30249321,无限乱斗,2223丶,890,未知分类
122341,万场VN下路单排 全网最能上分的VN！,姥爷VN,884,未知分类
1993744953,扫码上号 无套路免费打,野区悍匪乌萨奇,831,未知分类
21325787,刀妹新皮新赛季峡谷之巅冲分,夕茶刀妹,811,未知分类
7080715,扫码上号打1局,赤壁Uzi,776,未知分类
25894240,千分AD 帮忙上号,莫莫力AD,758,未知分类
3463159,"<em class=""keyword"">LOL</em>大王",B站毁伤,719,未知分类
24468827,接包天秒上号，千分绝活关注帮打,追梦JUG,696,未知分类
2714439,【雀魂】好久没打了 搓几把玩玩,红茶noir,682,未知分类
23716789,等个包天 秒上 王者剑魔永恩不知道怎么输,小陆Top,666,未知分类
1999927034,卡莎人柱力  等个单（接包天）白菜价,奶油ADi,663,未知分类
1879032,复活赛打赢7次,ren0u,648,未知分类
1799990,螳螂专场 上分上分,小妖玩不了螳螂,638,未知分类
25112823,电一大乱斗,赴身地狱,627,未知分类
1868871559,"（furry）进来有爪子-<em class=""keyword"">英雄联盟</em>",-芹菜_celery-,622,未知分类
31525763,等单中,热火ad,618,未知分类
6683738,峡谷之巅 刀妹 奎桑提,叫我小电QAQ,609,未知分类
23285010,"玩<em class=""keyword"">LOL</em>你快乐吗",伊蕾雅Ereya,573,未知分类
7308644,超绝下饭之峡谷之旅,Souyine,524,未知分类
26282118,接包天  全大区帮上分 来个单,伏辰伊芙琳,517,未知分类
22393732,格温锐雯，上单轻装战士之魂，极限1v5,明神OMG,505,未知分类
22707907,等个单打会儿峡谷,forever伯符,495,未知分类
9592658,B站第一韦鲁斯,青芒橙,491,未知分类
23713387,峡谷今天能宗师吗,兔佐伊Zzz,482,未知分类
21763265,有款游戏越打越年轻,请小熊喝果汁i,463,未知分类
5197719,邪恶金渐层,你不要汪汪叫,450,未知分类
9209037,给老板打打维护,kangzi1,431,未知分类
30529372,知梦玩剑圣的直播间,知梦玩剑圣,429,未知分类
8117470,到底谁是鱼？,一只小羊呀_w,425,未知分类
30297525,泪水打湿肉包子，感觉人生完犊子T T,鱼jug,424,未知分类
22732661,好运好运~,Zz箜篌,421,未知分类
21742272,冷忆:等单电一前十车AD滑板鞋关注送1局,AutumnmemoriesNa,418,未知分类
1892868616,果糖  QQ堂  qq堂 QQ堂复刻,Sunshine7896,411,未知分类
3915115,（缺号中）新赛季直播帮打上大师，老板来！,兔纸Sss-LOLM,335,未知分类
1992883550,上白金！,UwU魔爆炮,308,未知分类
31646440,艾欧尼亚一起来玩,小枣-洛克王国世界,255,未知分类
1293574,打野莫甘娜可单刷大龙,天启王丶,248,未知分类
667679,"<em class=""keyword"">英雄联盟</em>！启动！",啧啧z-唱歌连唱见连,247,未知分类
1659432,感冒了 听起来像女生,一米九倒三角猛男,241,未知分类
4712216,没有舰长的鼠鼠,柒柒敲厉害,228,未知分类
32520228,"<em class=""keyword"">LOL</em>启动！",10A艾克,217,未知分类
4276459,黄金以下免费打号,总会迟到,211,未知分类
31044132,王者934 悟了 冲千分,林甲楠大舅,208,未知分类
30701429,斗魂大舞台，敢锻你就来!,马王马王-,204,未知分类
22254878,劫   一个有信仰的飞镖人,Sky凯丶影,197,未知分类
23834474,起飞！,丶等红衣,188,未知分类
1707619,【有车位】新手小子の大乱斗日记,Crista_,181,未知分类
26776907,金铲铲糕手！帮舰长上分版~,洛莹莹躺平平,165,未知分类
1951593401,今天玩玩联盟，菜勿喷,这是第几个落日了,151,未知分类
1862088353,LCK,bili_57352553669,148,未知分类
13351173,"<em class=""keyword"">lol</em>",waves6,134,未知分类
3351341,你也不想我玩,宛若月明之光,123,未知分类
7347815,宝贝，想我了没？″,-猪白菜-,120,未知分类
30370239,随便玩玩,小华littlehua,108,未知分类
30199554,白幼受（白痴、幼稚、受不了一切嘻嘻）,刘三思做事要三思,103,未知分类
25888267,峡谷上王者,绒绒雪丶,101,未知分类
31086065,今天是没人看的小桃,超困小桃,99,未知分类
1904553082,"<em class=""keyword"">lol</em>启动！",一杯奇怪柠檬茶,88,未知分类
30874397,速通3×3,青菜白玉汤-_-,85,未知分类
21608787,雪莹sup,千早爱炫迈s,83,未知分类
13806916,失踪人口回归 摸摸EX,愛布拉娜,80,未知分类
26315810,不进来？那我走？,长谷深风-山月明,72,未知分类
26482317,这游戏怎么玩,天城大测绘系,60,未知分类
1078816,主包玉米症 关注+灯牌 帮跑一把,不易争山,56,未知分类
1169396,lor结晶，练英雄，打新副本,桃璃QAQ,54,未知分类
22647488,两土狗,阿喵派克,50,未知分类
1896204,国标冰鸟！@来看,一飞冲天啊龙虾,45,未知分类
30236380,找找狼人的bug,newwent,42,未知分类
1960957935,"<em class=""keyword"">LOL</em>",12AM24,42,未知分类
23066481,一区乱斗4-1,L-uyi,39,未知分类
24538143,云顶toc苏南赛区  前六全国赛,小方ouo,38,未知分类
1833441658,真正的大师怀有一颗学徒的心,上单秋天泉,37,未知分类
1942244132,好久不玩了回啊立玩玩,小小陆z,34,未知分类
1871973256,..想象！！...  supervive,苏坡灰灰,31,未知分类
24832506,宇宙第一吸血鬼,柠檬神ovo,31,未知分类
3802857,超可爱小朋友,蠢1,30,未知分类
3700330,病房大乱斗,Mirage_雷蒙,30,未知分类
1913325759,万场老扎克1区大师单排,峡谷鹏鹏,30,未知分类
9384801,复健活动,智慧型橘子水,28,未知分类
2969682,唐僧传奇,Lorean_里昂,28,未知分类
1418326,"<em class=""keyword"">英雄联盟</em>手游趣岛科技战队争霸赛",自称解说Old-天鹅,28,未知分类
27493625,"<em class=""keyword"">英雄联盟</em>新模式冲鸭",玉玺宝宝吖,28,未知分类
1955146013,主播会自己压力自己,寻雾启事gs,27,未知分类
1852775687,老婆你快回来吧，娃又不好好学习了,落日奕陨星,27,未知分类
31178925,菜鸡一个,小李子吖mua,27,未知分类
1828181978,萌新驾到，多多指教！,风ke,25,未知分类
31670880,帮粉丝上大师 看主播一箭破万法,天各一方ovc,24,未知分类
6687840,听歌(*^▽^*),只无酒,23,未知分类
1828186771,钻石场大乱斗乱杀,叮当魔术猫,23,未知分类
1939498206,打打斗魂,倚桂聆音,21,未知分类
21662281,海克斯科技玩家,带刀的阿蛮,21,未知分类
25687273,OB一下朋友的下路组,向往p_,21,未知分类
10092330,首次开播，请多关照！,喵喵君OwO,21,未知分类
24443930,"<em class=""keyword"">lol</em>",MakiHime,20,未知分类
1125858,测试中,双生一号机,20,未知分类
5491707,嘴硬广场之群友峡谷,梧桐アオギリ,20,未知分类
1836260546,首次开播，请多关照！,kongssap,19,未知分类
22915130,用户397532213的直播间,野猫很丧,19,未知分类
1828182635,初来报道，关注一下吧~,骑上这丶不归鹿,19,未知分类
23456332,萌新驾到！多多指教！,tissy0509,19,未知分类
13795192,主播女孩重度依赖,蝴蝶忍不了了,19,未知分类
1849300223,萌新驾到，多多指教！,维加斯土,19,未知分类
6341643,试试麦,早点熬夜别睡了,19,未知分类
21668525,女王的棋盘专攻刹手,女王的棋盘,19,未知分类
1754792181,初来报道，关注一下吧~,bili_19556268092,18,未知分类
25550046,虐虐峡谷黄金犬,拾肆元,15,未知分类
1955142602,"<em class=""keyword"">LOL</em>手游直播",擎天掰玉柱,13,未知分类
23391242,"上班摸鱼v打一把<em class=""keyword"">lol</em>",了哉,12,未知分类
23628052,"<em class=""keyword"">LOL</em>",麻辣兔兔的,12,未知分类
1788394705,新人直播',百信你个鬼,12,未知分类
8670291,我们每个人都是因自己的意愿才相遇的！,三又木郎,12,未知分类
1745566,"<em class=""keyword"">lol</em>",arturia_z,11,未知分类
1844410264,"<em class=""keyword"">lol</em>",芝麻小凛凛凛,11,未知分类
6330938,"想成为<em class=""keyword"">lol</em>高手",星ブニドラゴン,10,未知分类
30808083,给你们看看这号有多毒,青冥卓诗尼,9,未知分类
11718090,用户4090009的直播间,Bronia丶,9,未知分类
30020135,下雨了 去外面走走,LongZhi-L,8,未知分类
24324244,没事打着玩儿,新佑卫门先生,8,未知分类
25230933,ELO受益者,9527-林,7,未知分类
