﻿标题,作者,bvid,上传时间,视频时长,弹幕数,点赞数,播放量,收藏量,分区类型,标签,描述
LOL全球十大顶级操作怪！十大天花板操作名场面,卡西斯特利娅莎,BV1SDikYvEtV,2024-12-07 11:03:52,15:27,1696,4937,418691,1237,电子竞技,"Faker,Uzi,Zeus,Knight,Canyon,Theshy,Caps,Oner,Chovy,英雄联盟双城激励计划,LOL双城之战大乱斗",LOL全球十大顶级操作怪！十大天花板操作名场面
【2025LPL第二赛段】3月23日 JDG vs IG,哔哩哔哩英雄联盟赛事,BV1WLXaYqEn9,2025-03-23 20:00:20,57:15,5345,8024,763265,996,电子竞技,"英雄联盟,IG,电子竞技,LPL,游戏赛事,lol,JDG,2025LPL,LPL第二赛段,2025LPL第二赛段",【2025LPL第二赛段】3月23日 JDG vs IG
英雄联盟lol全英雄教学，永久更新,lol超神解说lol,,1970-01-01 08:00:00,,0,0,111606,0,,,
【还有高手？】Nostalie钱赞企2025/3/27凌晨《英雄联盟LOL》,鬼娃娃华子,BV15QZTYeEzq,2025-03-27 11:38:17,400:24,10,22,999,0,电子竞技,"搞笑,LOL,英雄联盟,MOBA,钱赞企,Nostalie","Nostalie钱赞企，
斗鱼直播间142488"
15.7版本[完整]改动介绍:诺手E削弱!泽拉斯QWER全改动!格温QW削弱!泉水恢复改动!,LOL小绿毛资讯,BV1WqovY9EYq,2025-03-26 13:42:00,5:3,1202,4545,304300,246,电子竞技,"游戏,LOL,英雄联盟,游戏视频,电子竞技,爆料,资讯,版本改动,英雄联盟更新介绍,欢迎回归英雄联盟竞技场","15.7版本[完整]改动介绍-15.7版本预计4月2号更新（新皮肤更新后上线）
视频对你有帮助的话,不妨帮绿毛点个免费的赞呀(º﹃º )喜欢LOL最新资讯视频欢迎关注呀(=・ω・=)
绿毛在此感谢大家的支持,祝大家排位上大分,天天好心情(=・ω・=)"
【2025LPL第二赛段】3月26日 BLG vs EDG,哔哩哔哩英雄联盟赛事,BV1DPoiYKEnp,2025-03-26 21:19:11,56:53,681,1250,86870,90,电子竞技,"英雄联盟,BLG,电子竞技,LPL,EDG,游戏赛事,lol,2025LPL,LPL第二赛段,2025LPL第二赛段",【2025LPL第二赛段】3月26日 BLG vs EDG
【2025LPL第二赛段】3月23日 IG vs LGD,哔哩哔哩英雄联盟赛事,BV1wrXYYzEif,2025-03-23 17:10:11,70:37,3074,5645,672659,828,电子竞技,"英雄联盟,LGD,IG,电子竞技,LPL,游戏赛事,lol,2025LPL,LPL第二赛段,2025LPL第二赛段",【2025LPL第二赛段】3月23日 IG vs LGD
那一天，LOL玩家想起了被诗仙女支配的恐怖,火播君,BV14y4y1177v,2021-01-21 15:27:04,21:14,16462,25728,1366768,10379,电子竞技,"电子竞技,英雄联盟,LOL,搞笑,诗仙女,可爱,治愈,游戏视频,峡谷之巅",尸宝 直播间：https://www.huya.com/15057955
英雄联盟LOL王者教学：封魔剑魂永恩,lol超神解说lol,,1970-01-01 08:00:00,,0,0,4847,0,,,
【LOL英雄联盟】英雄联盟高手们的神操作精彩集锦,YouTube热门甄选,BV1FRpfeDE9L,2024-08-18 01:04:29,12:53,242,1032,90301,383,电子竞技,"LOL,英雄联盟,神操作,电子竞技,精彩集锦,MOBA,游戏集锦,lol","youtube
英雄联盟"
MVP！🤚🤪🤚!不用操作也能满血斩杀？lol最不需要操作的英雄！选到就是无敌！,上海滩许Van强,BV1Bw9GYBE5a,2025-02-28 19:17:33,11:33,5945,83893,1454000,6346,电子竞技,"英雄,搞笑,LOL,英雄联盟,三体人,电子竞技,MOBA,梅尔,小明剑魔,万物皆可游戏",
1级6神ad出门vs5个正常玩家！会赢吗？热气参战！【脑洞挑战】,布锅锅,BV1UgrtYNEu6,2025-01-05 11:00:00,59:1,11527,82663,3363873,7576,电子竞技,"搞笑,比赛,英雄联盟,挑战,电子竞技,金克斯,1v5,lol,游戏鉴赏家,英雄联盟最前线","这期你们想看的来了，6神ad1v5！会赢吗？
感谢本期参与嘉宾
挑战者：@热气re7  
五人小队：@阿帅派克  @阿皮apiOVO  @王氏上单  @冲男阿凉  @小白打野"
队友：这小丑，真见了世面了！,阳光男孩小丑熊,BV19tSXYME6g,2024-11-01 17:00:00,7:50,1871,99560,1443705,3610,电子竞技,"LOL,英雄联盟,电子竞技,骁骑,英雄联盟S14,英雄联盟S14征稿活动",0.0
一个十年LOL的老玩家真的玩不下去了,小含的树,BV1pTcneXEBp,2025-01-10 14:57:05,12:37,796,1781,108922,272,电子竞技,"乌鸦,英雄联盟,电子竞技,流浪法师,刀妹,弃坑,MOBA,lol",
英雄联盟LOL王者教学：解脱者塞拉斯,lol超神解说lol,,1970-01-01 08:00:00,,0,0,133,0,,,
双龙汇世界纪录：1秒31帧！天才，仅仅只是见我的门槛！！,布锅锅,BV1vNmUYDE5W,2024-11-11 20:00:35,28:23,14198,146962,3355361,24479,电子竞技,"解说,比赛,英雄联盟,电子竞技,暗影精灵,lol,游戏鉴赏家,政府补贴,厄斐琉斯,英雄联盟S14,英雄联盟S14征稿活动","来了来了！！！本次争夺冠军的三位选手的思路都让人震撼，但是最后的获胜者的脑洞，简直让人拍案叫绝！
这期依旧超级精彩，冠军帅爆了！一定要看到最后！！做了好久！求三连！！！
后期：@筱尘想吃猫猫虫  技术支持：@飞熊入梦狂雷渐起 "
【2025LPL第二赛段】3月26日 EDG vs WBG,哔哩哔哩英雄联盟赛事,BV1BuoqYDES5,2025-03-26 17:06:41,69:44,382,1268,81445,92,电子竞技,"英雄联盟,电子竞技,LPL,EDG,游戏赛事,lol,WBG,2025LPL,LPL第二赛段,2025LPL第二赛段",【2025LPL第二赛段】3月26日 EDG vs WBG
这是一场几乎不可能赢的对局,峡谷混学家,BV1oVoxYEE82,2025-03-25 18:05:24,6:23,1355,37751,555305,1514,电子竞技,"搞笑,娱乐,英雄联盟,下饭,上单,石头人,lol,欢迎回归英雄联盟竞技场",三连三连三连三连三连三连三连三连三连！！！
真.神仙打架：无限火力发育5小时！谁才是最强后期英雄！！,布锅锅,BV1nT411b7TE,2023-05-05 16:21:19,13:40,6234,172270,3757472,13028,电子竞技,"英雄联盟,后期,电子竞技,大制作,龙王,发育,无限火力,lol,游戏鉴赏家,2023英雄联盟MSI","发育时间接近5小时，谁是最强后期！买定离手！买定离手！！另外求投币啊！！！
以下为游戏最后时刻部分英雄的面板数据：
小法25000层被动
锤石4900层被动
赛娜2300层被动
剑姬破绽200％最大生命值伤害
狗头7800层q
虚空女皇1100层被动
龙王6200层被动
巴德650层被动"
速杀厄塔汗世界纪录：1帧瞬杀！永远不要低估一颗冠军的心！！,布锅锅,BV1atQ6YqEz1,2025-03-14 19:41:53,27:14,7606,118279,2356054,22111,日常,"解说,比赛,英雄联盟,挑战,剑圣,电子竞技,霞,lol,游戏鉴赏家,欢迎回归英雄联盟竞技场",久等了！这期全是神仙打架！最百花齐放的一集！前四全是神仙！！！（一定要看到最后啊，求三连！！！谢谢兄弟们！！！）
lol特约画师ZeenChin教你画出美丽小姐姐,艺类i,,1970-01-01 08:00:00,,0,0,14267,0,,,
你知道1级团4杀，出门直接提亚马特对慎意味着什么吗？,慎ninja,BV1B4o1Y3Esv,2025-03-27 10:00:00,4:3,162,4809,97036,156,电子竞技,"自制,英雄联盟,慎,精彩集锦,暮光之眼,上单,腰子,lol,拉扯,欢迎回归英雄联盟竞技场","我们意念合一，我是真的很需要你的三连
爱你爱你爱你"
发财！S15最轮椅英雄！一个技能3000真伤！跨越屏幕的斩杀！【有点骚东西】,上海滩许Van强,BV1QywAe4Ect,2025-01-18 16:35:12,12:53,9816,73631,1504115,6320,电子竞技,"游戏,搞笑,LOL,英雄联盟,电子竞技,过年,梗,套路,沙雕,万物皆可游戏",
【2025LPL第二赛段】3月23日 IG vs LNG,哔哩哔哩英雄联盟赛事,BV1RBoBYSERZ,2025-03-23 21:00:16,56:53,3516,5400,583303,727,电子竞技,"英雄联盟,IG,电子竞技,LNG,LPL,游戏赛事,lol,2025LPL,LPL第二赛段,2025LPL第二赛段",【2025LPL第二赛段】3月23日 IG vs LNG
lol史上最高伤害：1q200万亿亿亿伤害！一键清屏瞬杀一切！,布锅锅,BV1mg4y1g7ck,2023-04-04 21:00:23,7:19,2422,42493,1349884,2313,电子竞技,"英雄联盟,电子竞技,lol,瑞兹,bug,机制,游戏鉴赏家,酒桶,冷知识,选13代酷睿HX获超神战力","真没见过这么多数字！亿都不够用了！！
程序员从尝试修复饼干减蓝bug→到修了后出现饼干加蓝bug→最后和饼干减蓝bug和解
（不过话说回来，这联想拯救者 Y9000P 2023至尊版是真的顶！）"
史无前例！耻辱缔造者！TES要把LPL打成第五赛区了！省队解说直接被打哭！原地官宣我们是第二赛区！各路解说气极反笑：建议退役！滔搏以后在英雄联盟圈子怎么混啊！,联盟抗压王,BV1NHQrYhEr9,2025-03-15 05:00:00,23:18,2622,10259,544450,1431,电子竞技,"搞笑,英雄联盟,TES,电子竞技,LPL,CFO,jackeylove,滔搏,各路解说,LOL先锋赛",大伙就享受吧，享受点个赞再溜哦！关注我可日常收看！
哎呀！我把把mvp！场均扛伤10W+！够大！够硬！够持久！对面都看呆了???【有点骚东西】,上海滩许Van强,BV1iNKpe8EYY,2025-02-13 17:00:07,11:7,8059,75497,1406142,5695,电子竞技,"搞笑,LOL,英雄联盟,新版本,电子竞技,梗,S15,MOBA,英雄联盟灵蛇献瑞",
整整100个超经典镜头，这才是英雄联盟，一代人的青春,呦吼是安仔呀,BV18X4y1u7jj,2020-12-19 11:00:17,30:50,13686,146082,2682098,105954,电子竞技,"电子竞技,英雄联盟,游戏视频,原创,英雄联盟LOL",整整100个超经典镜头，这才是英雄联盟，一代人的青春，当个电影看吧
这游戏怎么到处都是剑魔啊？,峡谷混学家,BV1AK411Y7X1,2024-01-25 18:00:00,6:55,1820,89174,1631594,2777,电子竞技,"搞笑,娱乐,英雄联盟,下饭,上单,石头人,lol,英雄联盟新春会",三连呀三连呀三连呀三连呀三连呀三连呀！！！！！！！！！！！！！
峡谷神人多！LOL十大顶级神人，十大抽象搞笑名场面！,卡西斯特利娅莎,BV1Tj6AYcEmK,2024-12-02 11:41:56,14:30,1010,6160,257668,2273,电子竞技,"多兰,姿态,小虎,刚子,Faker,doinb,Khan,lwx,gumayusi,英雄联盟双城激励计划",峡谷神人多！LOL十大顶级神人，十大抽象搞笑名场面！
【2025LPL第二赛段】小组赛 IG vs LNG,一叶落zhi天下秋,BV1WeZNYMEwW,2025-03-26 22:51:08,35:16,1,3,524,0,电子竞技,"LOL,英雄联盟,单挑,IG,电子竞技,LNG,LPL,电竞赛事,有AI科技也动情",
Uzi：RNG欠的钱还没还，已经起诉了！顶级老赖！现在还在粉RNG的都是神人！,火播君,BV1o8oiY7EZz,2025-03-26 19:50:26,1:29,142,3803,320632,406,电子竞技,"搞笑,LOL,英雄联盟,LPL,乌兹,RNG,mlxg,Uzi",Uzi直播间：huya100
最快抗塔世界纪录：2分13秒！仅存在一瞬的完美时机！！,布锅锅,BV16D4y1e7S8,2022-11-27 19:15:00,44:26,6573,196326,3451354,14248,电子竞技,"S12古塔守护者,英雄联盟,电子竞技,lol,挑战,世界纪录,比赛,解说,防御塔,游戏鉴赏家","古塔守护者复盘来啦！让我们恭喜新王诞生！
千百次的失败只为这一次成功！求求了一定要看到最后啊！！！
感谢@Nocturne777  制作的选手成绩图"
五职业选手被大乱斗胜率队10分钟平推，Ale人傻了：卧槽不把我们当人吗？不愧是职业玩大乱斗的！,火播君,BV1dt4y1d7LV,2024-01-10 17:01:41,8:24,1259,4685,532341,628,电子竞技,"LOL,英雄联盟,大乱斗,电子竞技,LPL,EDG,ALE,JieJie,胡嘉乐,大乱斗胜率队",EDG-Ale直播间：huya/913003
LOL世界第一男枪之美国不行了，把记者拉群里去了2025-03-27 13-34-50,老孟直播间,BV1H6ZuYSE9D,2025-03-27 14:47:32,61:6,0,2,3,0,电子竞技,"LOL,世界,美国,英雄联盟,世界第一,记者,第一视角,电子竞技,上单,MOBA",
退役就和LOL断绝缘分！史上最另类的辅助，到底还有啥游戏是他不会的？【联盟那些事儿】,LOL丶诺诺,BV1Cg411z72P,2022-10-29 16:05:14,17:5,5120,37775,1520595,6917,电子竞技,"英雄联盟S12,英雄联盟,MOBA,DRX,Beryl,Deft,LCK,DK,Canyon",drx.beryl
上单之间拉扯的浪漫，这场对局给我打兴奋了,慎ninja,BV1TfzbYeE65,2024-11-28 15:23:00,5:33,1561,108812,1285395,12750,电子竞技,"自制,英雄联盟,慎,精彩集锦,暮光之眼,上单,腰子,lol,拉扯,英雄联盟双城激励计划","我们意念合一，我是真的很需要你的三连
爱你爱你爱你"
每3秒一个3674护盾！LOL设计师疯了！最逆天叠甲流玩法！【有点骚东西】,上海滩许Van强,BV1yc411K7bm,2023-05-13 11:54:45,10:43,7188,142632,2614360,14269,电子竞技,"搞笑,LOL,英雄联盟,电子竞技,套路,MOBA,缝合怪,骚套路,盲森,2023英雄联盟MSI",欢迎英雄联盟、只狼:影逝二度、最终幻想、巫师、帝国时代、QQ飞车、王者荣耀、英雄连、街头霸王、超级马里奥、拳皇、三国杀、魂斗罗、大富翁、永劫无间、星际争霸、暗黑破坏神、炉石传说、剑灵、逆战、DNF、QQ炫舞、穿越火线、欢乐斗地主、天涯明月刀、堡垒之夜、怪物猎人、极品飞车、金铲铲、三国志、仙剑奇侠传、辐射、上古卷轴、无主之地、艾尔登法环、黑暗之魂、血源诅咒、绝地求生、光遇、和平精英、我的世界、泰拉瑞亚、森林、远哭、刺客信条、求生之路、反恐精英、狼人杀、战神、侠盗猎车、红色警戒、刀塔、梦幻西游、植物大战僵尸、
Faker对线小虎狐狸被单杀：这朋友走位很好 看他是打职业的！,游戏BBQ,BV1AMAceMENA,2025-02-18 11:35:56,7:43,961,7756,920054,1071,电子竞技,"LOL,英雄联盟,T1,电子竞技,LPL,小虎,Faker,Uzi,Gumayusi","Faker直播间：huya/138156
大家点赞收藏三连，充电1B币即可获得BBQ粉丝牌哦！"
《峡谷三害》,阳光男孩小丑熊,BV13m411o7kn,2024-03-19 19:33:01,7:0,4827,376556,4454101,43473,电子竞技,"搞笑,LOL,英雄联盟,电子竞技,主播,电竞武林大会",啊啊啊啊啊啊啊
英雄联盟LOL王者教学：海洋之灾普朗克船长,lol超神解说lol,,1970-01-01 08:00:00,,0,0,911,0,,,
【S14决赛复盘】卫冕冠军T1与BLG的究极大战，最强Faker魔王二阶段摧毁一切！拼尽全力无法战胜！,圆某人和四某人,BV1bZrpYoET8,2025-01-04 14:00:04,106:35,22365,79092,1730398,36550,电子竞技,"英雄联盟,BLG,T1,电子竞技,S14,LPL,Faker,Knight,Bin,英雄联盟S14","唉，这期又拖更了。我也没想到搞着搞着最后变成快两个小时了。

本来以为怎么着都可以在 30 号前发的，结果发现根本做不完。

我已经连着很多天都在熬夜通宵做了，也让四总和其他后期小伙伴加了很多班了。因为视频时长问题导致项目管理出问题，后期越做越乱，然后想改也非常麻烦。浪费了很多时间。

但好歹还是做完了，果然完成比完美要重要。

这期的项目管理问题我会好好复盘的，希望这期失败的案例能够让我明年能提高一些生产的效率。


这段时间真的太累了，连新年祝福都没来得及发，补一个吧，祝大家 2025 万事顺利。

"
【锐评BLG的表现】做视频以来最无力的一期！眼睁睁的看着BLG从激进的操作队变成了不伦不类的运营队。,GodFather-ICE,BV1DBZPY1EKB,2025-03-27 11:00:00,11:30,38,477,24852,92,电子竞技,"视频,BLG,IG,电子竞技,MOBA,LPL,Uzi,Bin,LPL激励计划,LPL激励计划第二赛段",-
WBG vs BLG 荒诞！ Wei内鬼波比突然发狂敲空气！ BLG被直接开团掉巴龙！ | 2025 LPL第二赛段,最强联盟,BV1PEoiYdEki,2025-03-26 19:43:08,9:13,2,2510,150893,100,电子竞技,"BLG,LPL,WBG,WBG vs BLG,BLG Wei,LPL第二赛段",
众解说看WBG成功复仇战胜BLG！WBG都不知道自己是怎么赢的！难道他知道去不了涅槃组就自己开始自转涅槃了？！Wei的逆天波比！各种离谱空大和掉点真在一坑四！,ONeEsc,BV1N5oiYbEWv,2025-03-26 20:04:00,38:28,104,304,54689,50,电子竞技,"英雄联盟,BLG,电子竞技,KNIGHT,MOBA,LPL,BIN,XIAOHU,WBG,LPL激励计划,LPL激励计划第二赛段",-
上单之间拉扯的浪漫，这场对局给我打兴奋了,慎ninja,BV1TfzbYeE65,2024-11-28 15:23:00,5:33,1561,108812,1285395,12750,电子竞技,"自制,英雄联盟,慎,精彩集锦,暮光之眼,上单,腰子,lol,拉扯,英雄联盟双城激励计划","我们意念合一，我是真的很需要你的三连
爱你爱你爱你"
《峡谷三害》,阳光男孩小丑熊,BV13m411o7kn,2024-03-19 19:33:01,7:0,4827,376556,4454101,43473,电子竞技,"搞笑,LOL,英雄联盟,电子竞技,主播,电竞武林大会",啊啊啊啊啊啊啊
英雄联盟LOL王者教学：诺克萨斯之手德莱厄斯诺手,lol超神解说lol,,1970-01-01 08:00:00,,0,0,1083,0,,,
每3秒一个3674护盾！LOL设计师疯了！最逆天叠甲流玩法！【有点骚东西】,上海滩许Van强,BV1yc411K7bm,2023-05-13 11:54:45,10:43,7188,142632,2614360,14269,电子竞技,"搞笑,LOL,英雄联盟,电子竞技,套路,MOBA,缝合怪,骚套路,盲森,2023英雄联盟MSI",欢迎英雄联盟、只狼:影逝二度、最终幻想、巫师、帝国时代、QQ飞车、王者荣耀、英雄连、街头霸王、超级马里奥、拳皇、三国杀、魂斗罗、大富翁、永劫无间、星际争霸、暗黑破坏神、炉石传说、剑灵、逆战、DNF、QQ炫舞、穿越火线、欢乐斗地主、天涯明月刀、堡垒之夜、怪物猎人、极品飞车、金铲铲、三国志、仙剑奇侠传、辐射、上古卷轴、无主之地、艾尔登法环、黑暗之魂、血源诅咒、绝地求生、光遇、和平精英、我的世界、泰拉瑞亚、森林、远哭、刺客信条、求生之路、反恐精英、狼人杀、战神、侠盗猎车、红色警戒、刀塔、梦幻西游、植物大战僵尸、
十年前LOL有多离谱？盘点老玩家才知道的联盟奇人轶事……,上海滩许Van强,BV1zM411L75H,2023-04-20 17:13:08,8:13,8325,65975,1233578,8579,电子竞技,"怀旧,回忆,科普,英雄联盟,网络游戏,电子竞技,杂谈,游戏资讯,MOBA,英雄联盟春日激励","能不能用一句话来证明你是英雄联盟老玩家？
我先来:对面四个6300，这把输了"
Sask看LOL史上堪比断头饭的离谱加强 看到小法师重做后拳头被喷：其实我觉得还是老版小法师厉害，新版的不咋地！,火播君,BV1q79nY8EAY,2025-03-04 17:27:39,7:15,143,869,185507,101,电子竞技,"LOL,英雄联盟,电子竞技,小法,版本,LPL,脚神,Sask","英雄联盟
Sask脚神直播间：huya579236"
108888层心之钢开箱，祝各位LOL玩家龙年发发发！,凉月CooLMooN,BV1pw4m1f7kE,2024-02-27 04:17:44,14:3,5200,39142,1465170,3003,电子竞技,"LOL,英雄联盟,皮肤,电子竞技,账号,抽奖,MOBA,玩英雄联盟玩的","想对一直在等这个视频的观众们说声抱歉。过年比较忙，剪视频又不太熟练，久等了。
108888层心之钢，大概9w层是抽奖攒的，最后买了点东西凑了一个吉利数字。
可以开36次宝箱，希望你不要看睡着，反正我差点开睡着了。
祝看到视频的各位，龙年行大运，108888！"
送死流钻石晋级赛，40分钟大乱斗，最血腥的一集！,我才是熊猫大G,BV12SoeYdErR,2025-03-26 17:00:50,15:14,569,3042,64004,102,电子竞技,"搞笑,英雄联盟,塞恩,偷家,大G,偷塔流,送死流,送死流塞恩,下饭操作,万物皆可游戏",
英雄联盟LOL王者教学：德玛西亚皇子嘉文四世,lol超神解说lol,,1970-01-01 08:00:00,,0,0,481,0,,,
【英雄联盟】2015年的一盘完整青铜匹配对局，见证了多个老英雄，刚开始接触这个游戏,小狼llll,BV1wB4y1b7ho,2022-07-24 19:42:30,43:21,2888,10011,396588,2405,电子竞技,"暑假狂欢季,宅家游戏实录,英雄联盟LOL,青铜,第一视角,新人,怀旧,LOL,娱乐,LOL英雄联盟","视频录制时间：2015.11.21
分享以前录的一些视频，当时刚刚接触这个游戏，完全没有操作和理解
视频时长很长，感谢大家能够看完！"
【2025LPL第二赛段】3月25日 TES vs NIP,哔哩哔哩英雄联盟赛事,BV1CCotYiEDL,2025-03-25 19:56:04,48:42,1521,1975,263076,214,电子竞技,"英雄联盟,TES,电子竞技,NIP,LPL,游戏赛事,lol,2025LPL,LPL第二赛段,2025LPL第二赛段",【2025LPL第二赛段】3月25日 TES vs NIP
这lol的语音系统真有用吧！我们五个像是好朋友在开黑！,攻其不备螃蟹王,BV1YHrKY7EhL,2025-01-05 16:39:27,11:15,2257,27134,519498,1277,网络游戏,"娱乐,英雄联盟,电子竞技,语音系统,厄加特,MOBA,lol,英雄联盟最前线",
这个视频会让你爱上faker，致曾经的世界最强！This Video Will Make You Love Faker-lol 英雄联盟 SKT T1,锐雯DissRiven,BV1fx411j7Np,2017-11-10 02:42:01,10:16,18332,69166,5564553,51504,电子竞技,"英雄联盟,电子竞技,超级小智,lol,SKT,lol小智,Faker,TIME","永远的神。
▶Music  :
Vicetone - Nevada (feat. Cozi Zuehlsdorff) 

[Indie Dance] - LVTHER - Some Kind Of Magic

Cartoon feat. Jüri Pootsmann - I Remember U [NCS Official Video]

[Glitch Hop _ 110BPM] - Razihel - Bad Boy

▶SK T1 Telecom:
▶Official Website : http"
我破防了！lol那些各种各样的妹子玩家们!,守护茶茶,BV1WL411t7G4,2021-09-03 16:32:49,13:1,19950,77747,1709691,14730,电子竞技,"英雄联盟10周年,网络游戏,英雄联盟LOL,电子竞技,娱乐,游戏杂谈",发表一些感言，看看大伙是不是这样想的。
英雄联盟LOL王者教学：暗裔剑魔亚托克斯,lol超神解说lol,,1970-01-01 08:00:00,,0,0,1054,0,,,
理性分析LPL强度堪忧？如何评价TES三连胜小组第一？,分析师蓝宝石,BV1pvoYY7EHF,2025-03-26 10:08:48,10:48,775,3362,186913,337,电子竞技,"JKL,TES,BLG,IG,NIP,LCK,小奶油,Doinb,JDG,2025LPL第二赛段,LPL激励计划第二赛段",
LOL各英雄是如何评价其他英雄的？英雄联盟彩蛋配音台词2023年度大合集！,艾黎ike,BV17c411S7tp,2023-12-12 13:11:07,114:46,2173,20713,490342,15418,GMV,"LOL,配音,英雄联盟,台词,GMV,电子竞技,游戏杂谈,影视混剪,2023热门年度盘点,2023你的年度游戏总结",-
艾莎和长发公主在医院！35个LOL惊喜小技巧,LaLiLu创意手工,BV1AM4y1n7Uh,2023-06-23 15:00:00,32:30,137,1120,583712,1367,手工,"教程,创意,长发公主,迪士尼,技巧,变身,惊喜,小技巧,艾莎,做一种很新的手工,一起做手工吧！7.0寻找艺术家企划",我们期待小家伙的到来！艾莎、长发公主和玛琳菲森要当妈妈啦，有什么挑战在等着她们呢？关注LaLiLu，一起看看她们在医院里的冒险吧！
【2025LPL第二赛段】小组赛 JDG vs IG,一叶落zhi天下秋,BV12QoeYsEcq,2025-03-26 15:16:22,37:0,2,3,597,0,电子竞技,"LOL,英雄联盟,单挑,IG,电子竞技,LPL,电竞赛事,直拍,JDG,上B站看演出",
英雄联盟LOL王者教学：武器大师贾克斯,lol超神解说lol,,1970-01-01 08:00:00,,0,0,2259,0,,,
狗熊：永恩大人才是数值怪啊！拼尽全力才能战胜！,王氏上单,BV1wnoeY2E3r,2025-03-27 12:00:00,5:48,198,1285,13582,409,电子竞技,"游戏,LOL,英雄联盟,电子竞技,精彩集锦,MOBA,数值,万物皆可游戏","人如满天星斗，而你皆如万人捧花 *:ஐ٩(๑´ᵕ`)۶ஐ:*点个关注吧[给心心][给心心]

点波关注不迷路各位彦祖！


！这真的很重要！球球各位彦祖给小王三连吧！这真的很重要！球球各位彦祖给小王三连吧！这真的很重要！球球各位彦祖给小王三连吧！这真的很重要！球球各位彦祖给小王三连吧！这真的很重要！球球各位彦祖给小王三连吧！这真的很重要！球球各位彦祖给小王三连吧！这真的很重要！球球各位彦祖给小王三连吧！这真的很重要！球球各位彦祖给小王三连吧！这真的很重要！球球各位彦祖给小王三连吧！这真的很重要！球球各位彦"
《lol手游解说》国一娜美竟然带致命节奏的 随便单杀adc,杨逍逍i,BV1vAUCY6E5t,2024-11-17 18:56:04,13:47,522,5528,180515,863,手机游戏,"游戏解说,英雄联盟手游",-
【極言極语vol.4】梦魇飞谁了？回答我！Look in my eyes！,iG电子竞技俱乐部,BV1EhoiYmEz1,2025-03-26 19:52:57,9:10,990,15198,371710,1465,电子竞技,"搞笑,IG,电子竞技,GALA,MOBA,LPL,Meiko,Rookie,TheShy,Jiejie",喜欢的记得一键三连哦~
【4K60帧】《英雄联盟》完整版故事动画电影合集 超清画质收藏版（截止到2020年9月）,KG-Area21,BV1N54y1y71W,2020-09-27 22:56:44,124:46,6896,32176,1354881,41047,电子竞技,"电子竞技,英雄联盟,LOL,CG,英雄联盟LOL,4K,英雄联盟CG,游戏CG,CG动画,LEAGUE OF LEGENDS","https://youtu.be/aUWb_1fj8-A
LEAGUE OF LEGENDS - The Complete Cinematic Story Movie (2020) 4K ULTRA HD
作者：donHaize
The Cinematic movie for League of Legends 2020 Season including all Cinematics and Cutscenes up to and including September 2020 pieced toget"
【新手癫疯局】小天才最多的一集,零号守夜人,BV1pnwZeaE9k,2025-02-18 11:00:00,16:33,532,1282,44942,170,电子竞技,"搞笑,LOL,娱乐,英雄联盟,新手",
英雄联盟LOL王者教学：猩红收割者吸血鬼,lol超神解说lol,,1970-01-01 08:00:00,,0,0,1049,0,,,
峡谷百万富翁！赢了奖金翻倍，输了就清0！,上单老祖,BV1tpc2eBEz1,2025-01-13 18:10:50,25:18,4044,67715,1429842,7810,电子竞技,"LOL,娱乐,挑战赛,英雄联盟最前线,峡谷百万富翁","这个视频谋划很久了，做出来一期真的不易，感觉大家的建议与参与兄弟们的支持！
制作成本真的很高！如果喜欢请给个三连！这个对我真的很重要！
如果喜欢请给个三连！这个对我真的很重要！
如果喜欢请给个三连！这个对我真的很重要！"
全神觉醒！回来吧孩子们！LPL还有希望！陌生IG剑指世界赛！恐怖状态震撼各大解说：回来了都回来了，IG已有王者之姿，把CFO给叫来！,联盟抗压王,BV1hbozY1EcF,2025-03-24 03:44:25,16:13,1178,6040,291528,547,电子竞技,"英雄联盟,IG,电子竞技,UZI,LPL,电竞赛事,TheShy,JDG,各路解说,LPL激励计划,LPL激励计划第二赛段","全神觉醒！回来吧孩子们！LPL还有希望！
动起你点赞的小手^^给LPL一丝光！！！"
版本T0玩就上分 逆天数值简单上手,n宝QvQ,BV1wJZMYLEv7,2025-03-27 09:18:46,3:58,1,119,2749,6,电子竞技,"精彩集锦,猩红收割者,弗拉基米尔,休闲娱乐,英雄联盟LOL,短视频,LOL吸血鬼,版本T0,数值怪,玩就上分,MVP与躺赢狗",点个赞八 求求辣
【叶音符】24杀不死流打野剑圣，3.0的攻速，直接泉水豪取五杀，一次不死，秀翻全场！,猛干三碗饭,BV18JZNYmEeh,2025-03-27 00:20:15,10:56,18,117,4846,10,电子竞技,"LOL,英雄联盟,剑圣,叶师傅,打野,MOBA,叶音符,国服第一皇子","感谢观看和支持！！！
叶音符直播间  https://www.douyu.com/12313"
TOP100 完美团战配合集锦！精彩操作时刻！- LOL英雄联盟,怎么都能钩中你,BV1854y1G7Ho,2021-06-19 11:33:16,34:50,138,876,17047,119,电子竞技,"英雄联盟,游戏,LOL,打卡挑战,游戏视频,集锦,操作,秀,游戏集锦,团战","与原作者本人合作授权发布 。
已在B站进行过原创登记，可以放心看！
全站唯一官方发布地点。禁止搬运。
原频道：https://www.youtube.com/channel/UCWVz07amFIiK8n1HwiJmU1A
视频收益绝大部分会转给作者。
您的支持就是作者创作前进的动力！
喜欢视频的话不妨点个赞吧！没有关注的铁汁可以关注一下啊！"
英雄联盟LOL王者教学：腕豪瑟提,lol超神解说lol,,1970-01-01 08:00:00,,0,0,24451,0,,,
AJ2W的电脑玩LOL巨卡，青蛙手把手教学：青蛙对着一个弱智儿童都能解决问题，你们还不去他那买电脑吗,电竞撸播人,BV1UJ4m1E7Dw,2024-04-29 19:46:04,13:36,223,1560,286383,2235,电子竞技,"电脑,搞笑,LOL,青蛙,英雄联盟,AJ,电子竞技,直播录像,教程攻略,我的宝藏游戏",AJ2W的电脑玩LOL巨卡，青蛙手把手教学：青蛙对着一个弱智儿童都能解决问题，你们还不去他那买电脑吗
真有城墙这英雄！打团轻松扛20000伤害！五打一都打不死！【有点骚东西】,上海滩许Van强,BV1N1SEYfE91,2024-10-31 20:30:22,13:38,5619,116306,2237295,13524,电子竞技,"搞笑,英雄联盟,BLG,T1,电子竞技,套路,MOBA,全华班,英雄联盟S14,英雄联盟S14征稿活动,对宁谈墙",
单排遇到话痨妹妹塔姆，有点可爱,普通路人zjz,BV1DprfY4EHY,2024-12-18 15:16:08,19:10,617,1889,106103,506,网络游戏,"游戏,搞笑,LOL,英雄联盟,必剪创作",祝大家今天开心平安！
单排遇到话痨妹妹塔姆，有点可爱,普通路人zjz,BV1DprfY4EHY,2024-12-18 15:16:08,19:10,617,1889,106103,506,网络游戏,"游戏,搞笑,LOL,英雄联盟,必剪创作",祝大家今天开心平安！
小超梦：5个人围殴奎桑提大人也打不死！尽显数值魅力！“差点把我打死，还肉啊？”,空白的心丶z,BV1WXAUekE6r,2025-02-23 16:28:08,14:50,334,1867,96072,101,电子竞技,"LOL,英雄联盟,剑魔,小超梦,腕豪",超梦峡谷之巅冲第一：https://www.huya.com/257085
英雄联盟LOL王者教学：疾风剑豪亚索,lol超神解说lol,,1970-01-01 08:00:00,,0,0,2054,0,,,
《lol手游解说》推荐大家从剑圣开始 你的水平无上限,杨逍逍i,BV1HZ421T7Uh,2024-07-03 18:00:00,12:20,571,7403,291441,1214,手机游戏,"游戏解说,MOBA,英雄联盟手游,英雄联盟？英雄联盟启动！",-
英雄联盟最帅操作合集（共34位角色）【含教学】,灵感z,BV1N8411N7E1,2023-01-12 03:24:01,31:44,798,8526,285666,6547,电子竞技,"英雄联盟,教学,英雄操作,LOL,帅,合集,手残","应观众评论将视频做了整合
前排提示：
1.所有操作均为2023.1.1后训练营手打
2.该视频以娱乐为主，不是教大家上分，不需要纠结实用问题
3.技能刷新开关不会让黑掉的技能亮起来，列如石头人大招途中不能闪现，是黑的，不是cd问题。为了搞清原理有时同一个操作会进行几十次反复操作，有忘关技能刷新，请谅解
4.up没有段位，骨灰级老玩家
5.祝大家新年快乐❤"
《惩 戒 之 键》,阳光男孩小丑熊,BV1mw411t7dn,2023-12-15 20:27:17,5:19,13966,1108285,12038926,250771,电子竞技,"LOL,英雄联盟,电子竞技,电竞武林大会,电竞武林大会第四期",啊啊啊啊啊啊啊
你回到了10年前的英雄联盟，但是峡谷里已经没有玩家了……【网络梦核】,国电武术馆馆长,BV1zy411v7Nb,2024-08-27 19:49:37,12:1,8733,42591,1632952,10776,电子竞技,"怀旧,LOL,回忆,英雄联盟,召唤师,电子竞技,MOBA,桌面电影,赛博梦核",你回到了10年前的英雄联盟，但是峡谷里已经没有玩家了……
破大防，被狙击手万豪爆杀纱爽局，王慕霸被邦邦两拳做掉，气的怒砸桌子，还要被对面上嘴脸嘲讽,暗夜千易,BV1pzZTYkE5v,2025-03-27 02:56:44,10:36,302,282,17378,16,电子竞技,"英雄联盟,电子竞技,霸哥,直播录像,lol",@陳冠希本人- 万豪在这
英雄联盟LOL王者教学：赏金猎人女枪,lol超神解说lol,,1970-01-01 08:00:00,,0,0,305,0,,,
山海君与一酱双排！一个菜、一个看不出队友菜、还有一个再屏幕外面憋着坏！一酱结束游戏天塌了！,秋夜悬笔,BV1ZeZgYkETr,2025-03-27 13:34:31,28:50,1,50,1987,8,电子竞技,"英雄联盟,韩服,MOBA,LPL,聒噪的山海君,楚钧艾克,1酱,2025LPL第二赛段,LPL激励计划第二赛段",
都2025年了，“那万一赢了呢”还在激励着召唤师！4打5年度绝地翻盘局奉上！,慎ninja,BV1XVQRYVE8h,2025-03-19 15:50:26,30:49,999,4579,92046,449,电子竞技,"自制,英雄联盟,慎,精彩集锦,暮光之眼,上单,腰子,lol,拉扯,欢迎回归英雄联盟竞技场","我们意念合一，我是真的很需要你的三连
爱你爱你爱你
歌单在扣扣音乐：慎ninja
需要零食的宝子们可以支持一下，好视频配好零食，品质都有保证！"
一枪贯穿星辰！！LOL还原潘森贯星长枪的真正威力！哦哦哦哦哦哦哦哦哦！[有点骚东西],上海滩许Van强,BV1kh411L72a,2023-05-02 16:40:58,11:53,5195,66005,1354103,5215,电子竞技,"搞笑,英雄联盟,电子竞技,潘森,套路,MOBA,intel,13代酷睿HX,OMEN暗影精灵9,2023英雄联盟MSI",你还在担心你的性能太差，操作不利索吗？快用OMEN暗影精灵9游戏本搭载第十三代英特尔® 酷睿™ HX 处理器，超强芯生！一键爆炸伤害根~~本~~没~~有~~问题~~~
【LOL】谁是联盟最美皮肤？(2024),Dumb-Frog,BV1Gb421n7Ly,2024-06-30 01:22:15,8:43,2457,8946,407228,3290,电子竞技,"LOL,英雄联盟,皮肤,电子竞技,游戏杂谈,MOBA,玉剑传说,灵魂莲华,幻灵战队,2024LPL夏季赛,2024LPL激励计划第三期",
【单排爆爆】《lol手游》金克丝对线希维尔！,单排爆爆,BV1LDZTYNEbR,2025-03-27 10:00:00,13:41,27,121,3159,10,手机游戏,"MOBA,金克丝,教程攻略,英雄联盟手游",
英雄联盟LOL王者教学：德玛西亚之力盖伦,lol超神解说lol,,1970-01-01 08:00:00,,0,0,510,0,,,
这就是韩服王者的支援速度吗？韩服最强王者组团战集锦#114,yizhilugou,BV1u89tYvEH3,2025-03-02 19:03:56,16:24,1148,11560,377565,1223,电子竞技,"英雄联盟,韩服,电子竞技,王者,精彩集锦,团战,MOBA,LPL","这就是韩服王者的支援速度吗？韩服最强王者组团战集锦#114

BGM:

TrungHieu - Homesick -UXN Release

Ahxello - Frisbee

Starix - Back Again

Electro-Light - Discovery

DuGong - Cody Sorenson -Forever

TheFatRat - Origin"
15.5+6设计师大脑解剖—2个版本强行拆成6个版本的改动？一个装备告诉你今年的设计师是如何摸鱼的！,爱失误的小菊,BV1DUZgYAEdN,2025-03-27 11:33:46,8:8,50,592,9748,70,电子竞技,"英雄联盟,大乱斗,装备,新版本,设计师,狂徒,lol,破甲弓,15.6,分享游戏故事,整点电子榨菜第19期",需要乱斗复盘的彦祖+v：jzx758601960
小超梦：大师绝活征服者吸血鬼被大铁锤，锤得逐渐丧失理智！有没有简单的英雄？“那你真把我问倒了！”,空白的心丶z,BV1BDoWYLEc4,2025-03-25 11:28:27,11:14,267,1653,74022,65,电子竞技,"LOL,英雄联盟,剑魔,小超梦,腕豪",超梦峡谷之巅冲第一：https://www.huya.com/257085
LOL：这5个有老公的女英雄，个个顶级颜值，玩家却把她们叫“老婆”,春秋君-,BV1cT411t7d4,2023-05-11 21:07:49,4:35,871,10548,767548,11087,网络游戏,"游戏,LOL,英雄联盟,游戏剧情,游戏杂谈,女英雄,MOBA,背景故事,符文之地,万物皆可游戏","盯盯~
你一定在找赛娜~
没见过有人管赛娜叫老婆QAQ"
诺手0-11-0，王慕霸史上最惨对局，菜的发昏，连忙给队友道歉，给队友坑哭了都,暗夜千易,BV1NVoeYHEYK,2025-03-26 17:16:19,8:42,420,550,40391,65,电子竞技,"英雄联盟,电子竞技,霸哥,MOBA,直播录像,lol",-
英雄联盟LOL王者教学：法外狂徒男枪,lol超神解说lol,,1970-01-01 08:00:00,,0,0,707,0,,,
【技能解析】控枪原理及基本枪械介绍 厄斐琉斯（上）,上单老祖,BV1sP4y187rG,2021-10-04 19:45:11,24:23,6284,89318,1956784,30810,电子竞技,"英雄联盟S11,电子竞技,英雄联盟,LOL,厄斐琉斯,教学","做这个玩意可太累了，全程一人制作，尽量把东西编排好，讲清楚
我觉得应该是全网解析最清晰的视频了
大伙如果看懂了，麻烦给个三连，给点动力吧！求求了"
LOL：这5个有老公的女英雄，个个顶级颜值，玩家却把她们叫“老婆”,春秋君-,BV1cT411t7d4,2023-05-11 21:07:49,4:35,871,10548,767548,11087,网络游戏,"游戏,LOL,英雄联盟,游戏剧情,游戏杂谈,女英雄,MOBA,背景故事,符文之地,万物皆可游戏","盯盯~
你一定在找赛娜~
没见过有人管赛娜叫老婆QAQ"
我一般不会站在亚索这一边,峡谷混学家,BV1KDPeerEwh,2025-02-25 17:50:48,5:16,1136,42926,837043,1553,电子竞技,"搞笑,娱乐,英雄联盟,下饭,上单,石头人,lol,英雄联盟新春会,bilibili新春季",三连三连三连三连三连三连三连三连！！！
残血精彩操作集锦 不残血不会玩系列 LOL英雄联盟,TAKERA,BV1EW411u7AU,2018-03-29 16:13:24,4136:42,163088,3255,1379504,6299,电子竞技,"英雄联盟,LOL,League of Legends","https://www.youtube.com/channel/UCDxIZpRvLQlIhK_1C9AJ1Rg
相关游戏: 英雄联盟
简介补充: -"
当WBG 1-0 BLG后，虎扑现状,杰杰杰卡,BV1UXoiYaEgy,2025-03-26 19:02:43,2:27,103,4191,160882,115,电子竞技,"LOL,英雄联盟,BLG,LPL,小虎,Bin,WBG,必剪创作,原神UP主激励计划,原神5.5UP主激励计划",-
英雄联盟LOL王者教学：影流之镰凯隐,lol超神解说lol,,1970-01-01 08:00:00,,0,0,567,0,,,
【Uzi】怒刚RNG：钱没还！前几年说慢慢换，现在说还清了？不要脸到了极致，我已经起诉了！,澡酱的日常,BV15aoeYuEfG,2025-03-26 16:33:49,1:50,186,10066,410722,484,电子竞技,"英雄联盟,电子竞技,精彩集锦,MOBA,LPL,乌兹,RNG,lol,Uzi,LPL激励计划,LPL激励计划第二赛段",【Uzi】怒刚RNG：钱没还！前几年说慢慢换，现在说还清了？不要脸到了极致，我已经起诉了！
当我把王者的鸡爪流带入LOL，九个人追着骂！,梦怜说-游戏杂谈,BV1H1421k7AY,2024-07-04 18:01:59,8:59,3525,60544,2130158,7118,网络游戏,"搞笑,英雄联盟,下饭,王者,鸡爪流",
Synapse主播精华时刻#2648 - LOL英雄联盟,TAKERA,BV1CmZPYzEQn,2025-03-27 02:05:08,10:27,1,63,1358,0,电子竞技,"英雄联盟,MOBA",https://www.youtube.com/watch?v=E2aUcPjd4Po
【电竞爽文】9：依然是他！Faker S14第五冠全记录！LOL最高的山，最长的河，最高最长的城墙！,电竞小太阳_,BV1BXS2YoEVN,2024-11-03 18:47:26,5:17,1256,14094,510479,3261,电子竞技,"BLG,T1,电子竞技,LPL,LCK,Faker,英雄联盟S14,英雄联盟S14征稿活动","看完决赛久久不能平静，说不出是什么感觉。睡了四个多小时爬起来，把今年做过的所有Faker的视频过了一遍，整理出了这期时长5分钟的，《Faker S14第五冠全记录》。
视频发布前，阳妹是本期第一个观众，她说：感觉更多是遗憾吧，遗憾我们再也没机会以全华班之姿击败30岁之前的Faker。
这个男人太无解了，但完全没有记恨他的理由。
面对他的id，只有尊重。"
LOL为什么越来越少人玩了,简单电竞ovo,BV1rNQBYyECF,2025-03-17 18:52:08,4:59,69,221,14909,33,电子竞技,"LOL,网游,英雄联盟,刀塔,弃坑,MOBA,维克托,LPL,坐牢,瓦洛兰特",
英雄联盟LOL王者教学：盲僧李青,lol超神解说lol,,1970-01-01 08:00:00,,0,0,638,0,,,
《lol手游解说》亚索就是要逆风才能玩起来 双风还能放出来,杨逍逍i,BV1ME4m197bs,2024-07-25 18:58:13,14:3,704,8938,294945,1290,手机游戏,"疾风剑豪,LOL手游,英雄联盟手游,必剪创作,英雄联盟手游二周年",-
【LOL：我真是联盟职业选手】1-199 全球总决赛的颁奖舞台上。主持人问道：现在你终于拿到了属于你的奖杯，属于你的FMVP，此时此刻，你最想做的事情是什么？林,漫话书声,BV11QRYYUEUA,2025-03-09 21:10:22,1525:34,6,84,9187,195,动画综合,"英雄联盟,电子竞技,MOBA",《LOL：我真是联盟职业选手》1-199 全球总决赛的颁奖舞台上。主持人问道：现在你终于拿到了属于你的奖杯，属于你的FMVP，此时此刻，你最想做的事情是什么？林
流水下滑，被玩家狂喷！LOL手游如今为何却越来越火了,三普男孩狗哥,BV1MVXsYdE1m,2025-03-22 19:14:38,5:47,998,1685,126062,228,手机游戏,"LOL,腾讯,MOBA,LOL手游,英雄联盟手游,万物皆可游戏",开服日活2700万，首月流水11亿！LOL手游如今怎么样了
为什么99%的人还没搞懂英雄联盟是一款什么游戏？连最基本的游戏规则都搞不懂,n宝QvQ,BV1eooWY3ETt,2025-03-25 12:13:58,12:11,77,987,37315,1299,电子竞技,"游戏,LOL,英雄联盟,第一视角,电子竞技,游戏杂谈,LOL英雄联盟,MOBA,教程攻略,细节教学,MVP与躺赢狗","感谢观看 希望对你有所帮助 
最后有一句话忘记说了 在你玩游戏思考 慢慢提升自己的过程中 其实也会在从中锻炼自己的学习能力 提升自己的学习能力。一个人的学习能力对人的帮助和意义是很大的"
一键35634伤害！LOL位面数值大崩坏！这就是百倍界王拳？！【有点骚东西】,上海滩许Van强,BV1qm4y1y7KX,2023-04-23 16:51:07,11:53,16658,173559,2673897,24807,电子竞技,"搞笑,英雄联盟,电子竞技,小鬼,套路,MOBA,香蕉猫,happy猫,英雄联盟春日激励,泰裤辣",你的空间好冷清哦，踩踩，记得回踩哦！
开挂的人生，曾被质疑打假赛，决赛之王Gala的梦幻征程【联盟那些事儿】,LOL丶诺诺,BV1w34y1j7BS,2022-06-08 11:33:36,16:18,7441,72632,1628593,10668,电子竞技,"2022LPL夏季赛,电子竞技,LOL,电竞,英雄联盟,RNG,Gala,MSI",如果大家喜欢我的内容的话，还请给我多多点赞三连，再次感谢大家了0.0
【警告⚠️】lol最恐怖的彩蛋：召唤超级大蜘蛛，伤害越高 越吓人！,葡萄的叮当猫,BV1gw411M7BE,2023-11-04 14:35:23,4:30,2009,39842,2136980,2649,电子竞技,"LOL,BUG,英雄联盟,彩蛋,电子竞技,机制,游戏鉴赏家,电竞武林大会,电竞武林大会第三期","投稿用户：@WeiDream_  
刚打开这投稿的时候给我吓一跳

Music：Senna,the Redeemer - The Crystal Method (赛娜主题曲)

觉得有意思的还请多多支持~
经常更新好玩的，欢迎关注~

版本13.21 (2023/11/4)"
《设置教学》lol千万不要再随意设置了！看完这个设置分享让你的游戏体验变得更好！,好狠的绿光,BV1EJ411U77q,2019-11-15 23:02:39,15:37,5315,101861,2007347,87170,电子竞技,"英雄联盟S9,电子竞技,英雄联盟,创作新秀奖,LOL",三连一波秋梨膏
LOL为何凉得如此彻底？十年老玩家吐露心声,梦怜说-游戏杂谈,BV1ff421q7Wu,2024-07-31 08:00:00,6:33,867,3096,223636,594,网络游戏,"英雄联盟,电子竞技,游戏杂谈,MOBA,LPL,万物皆可游戏",-
《lol手游解说》兰博中期的神 一管喷火先攻偷200,杨逍逍i,BV1WSXUYEEZ1,2025-03-01 18:00:00,11:49,203,3051,103565,245,手机游戏,"游戏解说,英雄联盟手游",-
【电竞爽文】9：依然是他！Faker S14第五冠全记录！LOL最高的山，最长的河，最高最长的城墙！,电竞小太阳_,BV1BXS2YoEVN,2024-11-03 18:47:26,5:17,1256,14094,510479,3261,电子竞技,"BLG,T1,电子竞技,LPL,LCK,Faker,英雄联盟S14,英雄联盟S14征稿活动","看完决赛久久不能平静，说不出是什么感觉。睡了四个多小时爬起来，把今年做过的所有Faker的视频过了一遍，整理出了这期时长5分钟的，《Faker S14第五冠全记录》。
视频发布前，阳妹是本期第一个观众，她说：感觉更多是遗憾吧，遗憾我们再也没机会以全华班之姿击败30岁之前的Faker。
这个男人太无解了，但完全没有记恨他的理由。
面对他的id，只有尊重。"
《lol手游解说》国一永恩玩的也憋屈 但熟练度可以让他成为你手中的t0,杨逍逍i,BV1v7UQYAEAR,2024-11-21 18:13:55,15:28,720,7234,308059,1091,手机游戏,"LOL手游,英雄联盟手游,必剪创作",-
真就这么快乐？盘点S14大乱斗最新套路！战斗爽！爽！爽！【有点骚东西】,上海滩许Van强,BV1MK4y1q7D4,2024-01-28 18:59:00,8:52,2409,41066,1496413,3926,电子竞技,"搞笑,LOL,娱乐,英雄联盟,电子竞技,盘点,新赛季,MOBA,极地大乱斗,英雄联盟新春会",我提议！把大乱斗里的所有提莫都送去帕鲁世界当苦力！谁赞成谁反对？
起小点TOP10 2022年度版：最难忘的精彩操作TOP20,是大腿,BV1nx4y177Rw,2023-01-28 17:00:00,13:3,2392,30415,1119125,3770,电子竞技,"英雄联盟新春激励,英雄联盟,游戏集锦,电子竞技,LOL,游戏视频,卡莎,薇恩,青钢影,萨科",投稿邮箱： sucai@shidatui.com， 欢迎大家踊跃投稿！所有投稿邮件都会看的！请耐心等待回复~wb@是大腿腿酱！
今天心情不太好，朋友说：玩把诺手就好了,三桥qzg,BV1Kf99YrEUi,2025-03-08 16:00:00,6:45,420,49922,860111,1056,网络游戏,"英雄联盟,电子竞技,上单,MOBA,诺手,万物皆可游戏",
LOL最强世界BOSS！腕豪一拳团灭挑战！【有点骚挑战】,上海滩许Van强,BV1Ff4y1H7rX,2021-08-27 10:55:03,8:58,8399,167333,2189376,15818,电子竞技,"英雄联盟10周年,电子竞技,英雄联盟,搞笑,上单,游戏头号玩家,龙珠,圣斗士星矢,JOJO,套路",这种事实对本人来说意义重大，相信对这个世界也是有一定意义的。 真实伤害的发生，到底需要如何做到，不真实伤害的发生，又会如何产生。 既然如何， 现在，解决真实伤害的问题，是非常非常重要的。 所以， 既然如此， 这种事实对本人来说意义重大，相信对这个世界也是有一定意义的。本人也是经过了深思熟虑，在每个日日夜夜思考这个问题。真实伤害因何而发生？既然如何，真实伤害，到底应该如何实现。生活中，若真实伤害出现了，我们就不得不考虑它出现了的事实。
【万恶之源】当年卢姥爷和PDD在一起打LOL的时候！！！,左岸派的時間,BV1fb411K7bZ,2019-04-13 18:18:49,10:58,9562,100144,5451534,52228,搞笑,"搞笑视频,逗比,魔性,娱乐,高能,全程高能","https://www.douyu.com
斗鱼官方说的：卢姥爷将要和PDD一起回归斗鱼！！！
希望是这样！！！
还有卢本伟ｎｂ!!!!!!!!!!!!!!!!!!!!!!!!!!!!!!!!!!!!!!!!!!!!!!!!!!!!!!!!!!!!"
控制变量对照实验得出《LOL手游是如何控制你的胜率》,关羽骑摩托78,BV19KURYMEmF,2024-11-22 17:00:00,14:14,600,5349,174884,1061,电子竞技,"LOL手游,英雄联盟手游",
是他们告诉我们英雄联盟有166个英雄 不敢选玩什么英雄联盟,小海电竞馆,BV1xVUNYnEou,2024-11-13 16:49:52,10:3,189,2571,217654,233,电子竞技,"英雄联盟,电子竞技,adam",是他们告诉我们英雄联盟有166个英雄 不敢选玩什么英雄联盟
水晶哥看2025年破亿神曲 听到第一首满脸不理解：米太好挣了 摆张二次元图片就能破亿！,游戏BBQ,BV1gPZMYxEw8,2025-03-27 10:55:47,7:31,99,372,56086,69,电子竞技,"歌曲,神曲,二次元,英雄联盟,电子竞技,LPL,水晶哥,破亿神曲","水晶哥直播间：huya222523
大家点赞收藏三连，充电5B币即可获得BBQ粉丝牌哦！"
一Q瞬回3000血！新英雄最骚血魔套路，在世真龙！【有点骚东西】,上海滩许Van强,BV16t421W7Xb,2024-02-04 17:34:08,9:47,2307,50114,1190254,4571,电子竞技,"搞笑,LOL,娱乐,高能,英雄联盟,电子竞技,新英雄,MOBA,英雄联盟新春会,斯莫德",快过年了！我要给大家抽大大大大奖！！！
版本T0吸血鬼教学 细节教学 操作简单 思路清晰 学会随便上大师（对线蛮王、格温、吸血鬼、瑞文）,n宝QvQ,BV1SCZMYZEJe,2025-03-27 08:11:13,72:59,3,66,2482,12,电子竞技,"游戏,LOL,吸血鬼,第一视角,游戏杂谈,LOL英雄联盟,弗拉基米尔,教程攻略,LOL吸血鬼,细节教学,MVP与躺赢狗",点个赞八 一起加油 简单的一天钻石局教学
是人都能挡诺手E，lol新模式有限火力，战斗倍速只有0.25倍，一秒三扭都是基本操作，这就是职业选手的视角吗？,谭皮革打游戏,BV1RSk9Y4Eik,2024-12-24 16:00:00,4:33,185,7765,367915,195,网络游戏,"朋友,搞笑,SOLO,LOL,英雄联盟,电子竞技,新模式,剑姬,MOBA,分享我的2024电竞瞬间",真的牛逼坏了兄弟们
拳头CEO离职MMO难产 LOL宇宙近两年有多惨？,顽强的Z,BV1hniqYDEbc,2024-12-08 18:00:00,12:46,2009,5532,322349,846,网络游戏,"英雄联盟,网络游戏,电子竞技,游戏杂谈",拳头苦心经营多年的LOL宇宙到底出现了什么问题？
弹幕：听说你打不过格温！？,BBGG丶狮子喵,BV1qGoqYUE9z,2025-03-26 17:52:31,3:5,118,7457,127446,103,电子竞技,"搞笑,LOL,英雄联盟,电子竞技,狮子狗,MOBA,万物皆可游戏",弹幕：听说你打不过格温！？
LOL经典误区：体型变大让对面的技能平A选不到队友,寒瞳不是喊痛,BV17r421w7Kz,2024-05-30 18:05:00,7:59,487,10557,622988,2553,电子竞技,"英雄联盟,冷知识,设计师,电子竞技,MOBA,机制,lol,电竞武林大会,电竞武林大会第七期",做个小菜先
永别了召唤师！拳头为何要抛弃这个经营许久的设定？,联盟进化史阿灰,BV1bTqGY7E7S,2024-12-10 17:07:48,5:5,970,28436,1290048,4321,电子竞技,"LOL,英雄联盟,召唤师,电子竞技,游戏杂谈,琴女,游戏资讯,MOBA,联盟进化史,英雄联盟双城激励计划",永别了！召唤师！
LOL经典误区：体型变大让对面的技能平A选不到队友,寒瞳不是喊痛,BV17r421w7Kz,2024-05-30 18:05:00,7:59,487,10557,622988,2553,电子竞技,"英雄联盟,冷知识,设计师,电子竞技,MOBA,机制,lol,电竞武林大会,电竞武林大会第七期",做个小菜先
控制变量对照实验得出《LOL手游是如何控制你的胜率》,关羽骑摩托78,BV19KURYMEmF,2024-11-22 17:00:00,14:14,600,5349,174884,1061,电子竞技,"LOL手游,英雄联盟手游",
水晶哥看2025年破亿神曲 听到第一首满脸不理解：米太好挣了 摆张二次元图片就能破亿！,游戏BBQ,BV1gPZMYxEw8,2025-03-27 10:55:47,7:31,99,371,56086,68,电子竞技,"歌曲,神曲,二次元,英雄联盟,电子竞技,LPL,水晶哥,破亿神曲","水晶哥直播间：huya222523
大家点赞收藏三连，充电5B币即可获得BBQ粉丝牌哦！"
LOL真的凉了？两个月丢失600万玩家，看不懂设计师离谱操作,PBE联盟,BV19vP3epEce,2025-02-26 09:59:10,1:4,292,4586,381580,246,电子竞技,"LOL,英雄联盟,第一视角,电子竞技,游戏杂谈,MOBA,LPL,疾风剑豪,无限火力",LOL真的凉了？两个月丢失600万玩家，看不懂设计师离谱操作
当你熟练掌握厄斐琉斯各种武器,热气re7,BV1LHqSYYEwx,2024-12-11 17:43:03,4:48,10039,139007,1143275,6970,电子竞技,"游戏,搞笑,英雄联盟,ADC",生日许的愿是可以做出更好的视频变成厉害的人。
版本T0吸血鬼教学 细节教学 操作简单 思路清晰 学会随便上大师（对线蛮王、格温、吸血鬼、瑞文）,n宝QvQ,BV1SCZMYZEJe,2025-03-27 08:11:13,72:59,3,66,2482,12,电子竞技,"游戏,LOL,吸血鬼,第一视角,游戏杂谈,LOL英雄联盟,弗拉基米尔,教程攻略,LOL吸血鬼,细节教学,MVP与躺赢狗",点个赞八 一起加油 简单的一天钻石局教学
双方大爹上单  展现精彩绝伦的对局！,LOL小超梦,BV1wg411v7F1,2022-09-30 18:13:41,4:19,523,68216,1032440,1773,电子竞技,"精彩集锦,英雄联盟LOL,英雄联盟视频,上单",
LOL玩家转DOTA2后一百场打上万古流芳,柠o檬丶,BV1SwPsepEaU,2025-02-24 14:39:22,9:4,171,844,47163,255,电子竞技,"LOL,英雄联盟,DOTA2,刀塔,撸狗,经验分享,dota,LOL转DOTA2,撸转刀,英雄联盟转刀塔",LOL一区低分大师水平，转S15转DOTA2后，两个月120场打上万古流芳，段位不高，基本入门，希望通过这期视频分享经验帮助更多希望撸转刀的玩家。
穿甲越高吸血越高！暴击越高吸血越高！一个平A吸1000多血！三件一枪崩掉小ADC之跟我刘华强拼你有这个实力吗之伤害越高吸血越高流男枪格雷福斯狂徒,加藤结衣,BV12bN8ePECG,2025-02-07 19:24:44,9:17,306,1914,125856,143,电子竞技,"游戏,搞笑,LOL,娱乐,吸血鬼,英雄联盟,套路,MOBA,鬼套路,英雄联盟新春会,bilibili新春季",我五星好市民格雷福斯今天就是要用双管炮轰爆在座各位的的钩子！轰爆在座各位的的钩子！轰爆在座各位的的钩子！轰爆在座各位的的钩子！轰爆在座各位的的钩子！轰爆在座各位的的钩子！轰爆在座各位的的钩子！轰爆在座各位的的钩子！轰爆在座各位的的钩子！轰爆在座各位的的钩子！轰爆在座各位的的钩子！轰爆在座各位的的钩子！轰爆在座各位的的钩子！轰爆在座各位的的钩子！轰爆在座各位的的钩子！轰爆在座各位的的钩子！轰爆在座各位的的钩子！轰爆在座各位的的钩子！轰爆在座各位的的钩子！轰爆在座各位的的钩子！轰爆在座各位的的钩子！轰爆在座各
无 限 火 力 现 状💕💕💕💕💕💕💕💕💕💕,弹琴煮面,BV1Zpp4eHEMe,2024-09-07 19:55:28,14:26,581,3246,406445,313,网络游戏,"LOL,娱乐,英雄联盟,现状,无限火力,数值爆炸,心之刚,2024无限火力,诚信互刚♂","BGM: 
00:00【洛天依】植物大战僵尸 - 屋顶BGM ，来源：https://www.bilibili.com/video/BV1ax411g7iu
03:55 Eagles - Hotel California
08:26 Dmitri Shostakovich - VI. Waltz 2 from Jazz Suite No. 2 (Eyes Wide Shut) (肖斯塔科维奇第二圆舞曲)
12:42 Two Steps From Hell,Thomas Bergersen - El Dor"
【lol：什麼叫折磨流选手啊！】二三英雄 1-261章节 一觉醒来你成了EDG的替补名单，没想到刚穿越就被教练阿布安排上场，想著刚,书声漫话,BV1tSyAYGEia,2024-10-20 15:12:37,3792:46,1573,2570,198900,2422,动画综合,"游戏,穿越,英雄联盟,同人小说,有声小说,电竞,EDG,推文,小说解说,小说合集",【电竞】🔥《连载p.2》💥【lol：什麼叫折磨流选手啊！】二三英雄 1-110章节 一觉醒来你成了EDG的替补名单，没想到刚穿越就被教练阿布安排上场，想著刚
英雄联盟的“凉”，是大势所趋,网管小橘,BV1wdDSYjE9S,2024-11-07 17:56:28,6:2,630,1858,151902,351,电子竞技,"原创,电子竞技,游戏杂谈,MOBA,LPL,lol,英雄联盟S14,英雄联盟S14征稿活动",
以下农的英雄放在LOL里是什么水平,wang络街溜子,BV1c2yBYwE1T,2024-10-21 14:04:08,8:52,2373,28394,612101,2738,电子竞技,"吕布,英雄联盟,韩信,王者荣耀,faker,英雄联盟S14,英雄联盟S14征稿活动",https://tieba.baidu.com/p/9214249044?share=9105&amp;fr=sharewise&amp;see_lz=0&amp;share_from=post&amp;sfc=copy&amp;client_type=2&amp;client_version=12.70.1.0&amp;st=1729489801&amp;is_video=false&amp;unique=9E42220AD24FB7043DBC9BC9676BA8B8
一口气看完LOL长篇小说《破败之咒》，超长超爽一次看过瘾！,靠脸吃饭的徐大王,BV1Nu4y1q7ru,2023-08-12 11:17:06,68:36,20301,248773,2184201,82321,电子竞技,"剧情,游戏杂谈,讲故事,背景故事,英雄联盟暑期激励计划",爆肝两周，终于完成了这期超长的视频，为大家详细解析这本33万字的英雄联盟长篇小说《破败之咒》的剧情故事，总时长有一个多小时，建议大家先收藏再慢慢观看！
《没有白让你叫爹！》,慎ninja,BV1vYo1YTEZQ,2025-03-24 18:55:54,5:24,235,6810,100088,185,电子竞技,"自制,英雄联盟,慎,精彩集锦,暮光之眼,上单,腰子,lol,拉扯,欢迎回归英雄联盟竞技场","我们意念合一，我是真的很需要你的三连
爱你爱你爱你"
差点把拳头逼疯的英雄！高光时刻全靠“歪门邪道”,联盟进化史阿灰,BV172NDeGEvx,2025-02-10 12:00:00,5:46,824,28529,986545,1550,电子竞技,"LOL,英雄联盟,电子竞技,游戏杂谈,亡灵勇士,塞恩,赛恩,亡灵战神,联盟进化史,英雄联盟新春会,bilibili新春季",曾经瞪眼秒人狂，如今送死拆塔王！战斗！爽！
2018英雄联盟配音秀，刀妹开口，全场震撼，重燃我的LOL斗志！,坤哥爱剪辑,BV1rE411o7Pg,2019-10-11 17:14:17,3:6,10514,127911,6413274,40706,电子竞技,"网络游戏,配音,LOL,英雄联盟LOL,配音秀,精彩集锦,LOL配音,游戏,游戏配音",2018英雄联盟配音秀，刀妹开口，全场震撼，重燃我的LOL斗志！
献给LOL和王者玩家的DOTA2教学【齐天大圣&amp;孙悟空】,就是锐Ray,BV1oN4y1F7ut,2022-08-25 14:00:00,6:59,6943,128055,2845320,20491,电子竞技,"游戏轻教学,齐天大圣,英雄联盟,王者荣耀,DOTA2,搞笑,MOBA游戏,电竞赛事,阿灵顿major,电子竞技","每款游戏各有其魅力，关注游戏本身，拒绝游戏鄙视链从我做起！
点赞20W就出卡尔教学！！！！
DOTA2萌新交流群：737091478
欢迎萌新进来寻找一起开黑的小伙伴，也欢迎老DOTAer进来带萌新！"
《lol手游解说》用这玩意走中 99%中单英雄都打不过你,杨逍逍i,BV1oafUYHEfM,2025-01-27 18:00:53,10:38,736,13967,401754,1638,手机游戏,"游戏解说,英雄联盟手游,LOL手游班德尔峡谷来咯,英雄联盟手游2025迎新季",-
弹幕：听说你打不过格温！？,BBGG丶狮子喵,BV1qGoqYUE9z,2025-03-26 17:52:31,3:5,118,7457,127446,103,电子竞技,"搞笑,LOL,英雄联盟,电子竞技,狮子狗,MOBA,万物皆可游戏",弹幕：听说你打不过格温！？
WBG战胜BLG队内语音，小天当场逮捕Wei原地空大：波比没大了！波比没大了！,火播君,BV1wnoiYsEu7,2025-03-26 19:27:38,1:34,43,813,120955,64,电子竞技,"LOL,英雄联盟,BLG,LPL,小虎,ELK,Wei,Bin,WBG,tian","英雄联盟
WBG战胜BLG队内语音
zt"
《lol手游解说》亚索就是能稳定1v2的中单,杨逍逍i,BV1HiKpeuE8D,2025-02-13 17:02:00,13:16,391,7352,267537,466,手机游戏,"游戏解说,MOBA,英雄联盟手游",-
BLG打野wei像头蠢驴，而相比操作，心态才是最大的问题,貘馍卷zz,BV1nBZNYvEfq,2025-03-27 00:05:04,17:43,13,74,8831,14,电子竞技,"英雄联盟,BLG,电子竞技,打野,心态,MOBA,LPL,直播录像,wei",如果一个选手打比赛永远操作变形，那不是菜，那是思想出问题了，是心理出问题了。从去年到现在，小wei的问题一点没变，如果不能把心态调整回来，假设进了世界赛，能顶住这么大的压力吗？今年可没有xun给你擦屁股了。
追逐梦想！十年老玩家挑战lol从零上王者#1,一叮当猫一,BV14F411S747,2023-09-20 19:55:40,11:57,890,26742,855003,3818,电子竞技,"游戏,英雄联盟,挑战,游戏解说,游戏实况,电子竞技,MOBA,拳头,lol,整点电子榨菜",挑战不可能！！
《玩英雄联盟和英雄联盟手游的朋友都沉默了》,骚铭,BV1ea411v7Dy,2022-04-17 13:00:26,2:49,1519,90698,1962613,4868,电子竞技,"英雄联盟日常那些事儿,电子竞技,LOL,游戏,手机游戏,英雄联盟,LOL手游,骚铭,手游,英雄联盟手游","有端游带手游的朋友遇到过这些情况么！
真实的................卡住了！！"
【HLE vs KC】二路解说，LOL全球先锋赛决赛,无畏联盟2,BV1nYQ8YWETg,2025-03-16 17:37:50,1760:36,3,30,12144,40,电子竞技,"Zeus,Peanut,Viper,Delight,Canna,Zeka,王者荣耀UP主激励计划,Yike,王者荣耀UP主激励计划-春日篇,HLE vs KC",【HLE vs KC】二路解说，LOL全球先锋赛决赛
《lol手游解说》会用男刀这三种连招 你也能当小代乱杀,杨逍逍i,BV1Gb421J79W,2024-07-29 21:22:12,15:37,416,5310,250620,1725,手机游戏,"游戏解说,MOBA,英雄联盟手游,英雄联盟手游二周年",-
15.6T1英雄推荐：中野新神纳亚菲利，剑姬格温统治上路！,兰斯Studios,BV1i8o1YuEtQ,2025-03-24 15:34:22,10:56,307,2402,122680,341,电子竞技,"LOL,英雄联盟,电子竞技,兰斯,LO,MOBA,上分,万物皆可游戏,T1英雄推荐",
《当LOL单排能语音时》最有节目的一集！,顾盼锐雯,BV17GzzY1E3r,2024-12-01 10:00:00,9:27,391,5054,222152,239,电子竞技,"搞笑,英雄联盟,电子竞技,主播,上单,MOBA,顾盼锐雯,英雄联盟双城激励计划","单双排可以跟队友语音了哈哈哈哈！
太有意思了哈哈哈哈哈！"
【LOL】女大学生第一次打英雄联盟入门人机一次不死并且超神,XH西米露,BV1Vo4y1q73i,2023-03-18 21:37:43,19:2,2123,9369,337130,1550,网络游戏,"2023LPL激励计划第一期,LPL激励计划,英雄联盟,女大学生,MOBA,操作,娱乐","1.室友看我天天打联盟，于是撸起袖子拿金克丝在入门人机里大杀四方。
2.第一把的金克丝让她信心大增，并于第二把用卡特琳娜在入门人机豪取五杀，望周知！"
英雄联盟千皮号烂大街？深度分析LOL账号贬值的原因,多兰选号网,BV1F81wYcEDQ,2024-10-24 05:03:50,6:9,312,1618,239316,368,网络游戏,"LOL,英雄联盟,电子竞技,MOBA,英雄联盟账号,英雄联盟卖号,英雄联盟租号,英雄联盟买号,多兰选号网","多兰选号网提供热门端游、手游、Steam等账号租赁服务。
英雄联盟千皮号每小时0.6元起，包天更优惠！
号源充足，客服24小时在线，累计订单量已过千万。
因为专注，所以专业！平台官网：duolan.wang"
谈LOL和Dota2的本质区别 LOL为什么要逼你打架？,Gamekids,BV1xkP8ehEb4,2025-02-25 10:51:34,4:34,249,1417,65166,328,电子竞技,"LOL,英雄联盟,DOTA2,电子竞技,MOBA,LPL,万物皆可游戏",新人UP主，请多关照
【LOL手游】国一纳尔最新国服绝活哥上单，连招手法出装思路抓人技巧符文新皮肤搭配排位elo机制上分教学直播回放录像,电竞游戏王,BV1RiZMYYEre,2025-03-27 09:29:08,20:54,1,4,107,1,手机游戏,"录像,皮肤,国服,上单,MOBA,教程攻略,英雄联盟手游,elo,必剪创作,上B站看演出",-
一口气看完LOL长篇小说《破败之咒》，超长超爽一次看过瘾！,靠脸吃饭的徐大王,BV1Nu4y1q7ru,2023-08-12 11:17:06,68:36,20301,248773,2184201,82321,电子竞技,"剧情,游戏杂谈,讲故事,背景故事,英雄联盟暑期激励计划",爆肝两周，终于完成了这期超长的视频，为大家详细解析这本33万字的英雄联盟长篇小说《破败之咒》的剧情故事，总时长有一个多小时，建议大家先收藏再慢慢观看！
《 人 多 力 量 大 》,英雄联盟-小白鸦,BV1hS411w7ik,2024-07-30 20:00:00,4:5,737,47018,1343467,4365,电子竞技,"搞笑,英雄联盟,下饭,电子竞技",《人多力量大》
英雄不联盟,直面泰山,BV1XeXrYLEXQ,2025-03-21 16:16:53,5:2,291,28287,286709,692,网络游戏,"LOL,英雄联盟,中单,电子竞技,加里奥,MOBA","感谢大家的点赞，投币！
每天上午九点准时开播   
开黑交流群：668128870"
【赛前:新研究凤凰打野线双收。赛后:我再用凤凰抽自己俩耳光】孙一峰《英雄联盟LOL》,鬼娃娃华子,BV1hJZTYxENw,2025-03-27 09:00:00,6:18,2,22,1330,1,日常,"搞笑,LOL,英雄联盟,凤凰,孙一峰,打野,MOBA,必剪创作",-
冰川时代！爱丽儿怎么了？31LOL惊喜DIY,LaLiLu创意手工,BV1R2421A7mM,2024-03-24 15:00:00,38:0,4,320,416787,1096,手工,"可爱,LOL,DIY,高能,创意,玩具,手工,惊喜,爱丽儿,一起做手工吧！,一起做手工吧14.0·整活手工大赏",一颗陨石的坠落改变了气候：艾莎的王国变成了热带，而爱丽儿的海底世界正在结冰。公主们能适应吗？她们会找到一个共同的解决方案吗？来LaLiLu的新视频中找到答案吧！
【2025LPL第二赛段】小组赛 LGD vs JDG,一叶落zhi天下秋,BV122ZPYgE3y,2025-03-27 00:58:42,40:43,0,0,142,0,电子竞技,"LOL,英雄联盟,单挑,LGD,电子竞技,LPL,电竞赛事,JDG,东芝春日实验室",
【朱开】去年也是Wei3-0赢下WBG，作为教练怎么解决BLG问题？我不觉得乐言来能改变，Bin哥需要站出来，下路双人线统治力要高，打野要向下路靠,美食家香香饭,BV15QZTYeEyb,2025-03-27 10:28:18,5:53,7,23,6398,6,电子竞技,"英雄联盟,BLG,LPL,ELK,Knight,Wei,Tian,Bin,WBG,kanavi","关注点赞投币
主做S赛，LPL，老头杯，时光杯，解说杯，各主播日常直播等切片
1元粉丝牌现已开通
同运营账号：品鉴师香香汗"
【朱开】去年也是Wei3-0赢下WBG，作为教练怎么解决BLG问题？我不觉得乐言来能改变，Bin哥需要站出来，下路双人线统治力要高，打野要向下路靠,美食家香香饭,BV15QZTYeEyb,2025-03-27 10:28:18,5:53,7,23,6398,6,电子竞技,"英雄联盟,BLG,LPL,ELK,Knight,Wei,Tian,Bin,WBG,kanavi","关注点赞投币
主做S赛，LPL，老头杯，时光杯，解说杯，各主播日常直播等切片
1元粉丝牌现已开通
同运营账号：品鉴师香香汗"
theshy鳄鱼对线超高胜率青钢影，没有直播也能OB学技术,猛男喝雪碧,BV1MQoiYPEQx,2025-03-26 19:11:51,5:2,108,2363,46048,108,电子竞技,"英雄联盟,上单,TheShy",
【LOL手游】国一纳尔最新国服绝活哥上单，连招手法出装思路抓人技巧符文新皮肤搭配排位elo机制上分教学直播回放录像,电竞游戏王,BV1RiZMYYEre,2025-03-27 09:29:08,20:54,1,4,107,1,手机游戏,"录像,皮肤,国服,上单,MOBA,教程攻略,英雄联盟手游,elo,必剪创作,上B站看演出",-
【真实电竞】B站3年挣400多万全花光，没买房子和车全喝酒享受了,美食家香香饭,BV1NCQhYiEtx,2025-03-16 22:58:00,7:34,88,939,187778,379,电子竞技,"上海,游戏,LOL,英雄联盟,TES,IG,电子竞技,沈阳,LPL,真实电竞","关注点赞投币
主做S赛，LPL，老头杯，时光杯，解说杯，各主播日常直播等切片
1元粉丝牌现已开通
同运营账号：美食家香香饭"
【2025LPL第二赛段】小组赛 LGD vs JDG,一叶落zhi天下秋,BV122ZPYgE3y,2025-03-27 00:58:42,40:43,0,0,142,0,电子竞技,"LOL,英雄联盟,单挑,LGD,电子竞技,LPL,电竞赛事,JDG,东芝春日实验室",
谈LOL和Dota2的本质区别 LOL为什么要逼你打架？,Gamekids,BV1xkP8ehEb4,2025-02-25 10:51:34,4:34,249,1417,65166,328,电子竞技,"LOL,英雄联盟,DOTA2,电子竞技,MOBA,LPL,万物皆可游戏",新人UP主，请多关照
保电竞还是保日活？这是摆在LOL面前的一个难题,Dumb-Frog,BV1cEf2YWE6f,2025-01-27 14:12:40,9:15,697,4249,303337,643,电子竞技,"LOL,英雄联盟,网络游戏,电子竞技,游戏杂谈,电竞,MOBA,LPL,英雄联盟新春会,bilibili新春季",
这宝典以后再也不氪了,姜氏,BV18VRjY6EFW,2025-03-10 23:34:35,9:5,161,175,38839,10,网络游戏,"LOL,ADC,电子竞技,抽奖,MOBA,宝典,2025LPL第一赛段,2025LPL激励计划第一期",真实
从诸神之战到全员阉割！无限火力是怎么被拳头玩坏的？,联盟进化史阿灰,BV1kjF8eCEvi,2025-01-29 17:00:00,5:18,615,7513,401079,437,电子竞技,"LOL,英雄联盟,电子竞技,游戏杂谈,盖伦,MOBA,无限火力,无限乱斗,联盟进化史,英雄联盟新春会,bilibili新春季",直升机人马、大风车盖伦、军体拳蝎子……你还记得那年的诸神之战吗？
这种局打完 下局就要小心了,热气re7,BV1nLXjYpEPk,2025-03-18 17:56:52,4:56,245,35696,422925,836,电子竞技,"游戏,英雄联盟,电子竞技","因为下盘包被elo的..这盘打的是一个96胜率钻3排大师宗师5 6百分的对局
配音也是三个月前我舌头还没手术的时候就已经配好音的一集！（一听 那会配音好有精神）
当时没发的原因无他，那阵子PR开了新的工程 给这期视频忘记了。
最近翻工程才翻到 觉得质量还可以就补做了一个后期。 牢热在努力恢复更新！"
策划是要毁了英雄联盟吗，LOL到底该怎么办？,党叔连连看,BV1BeRNY4EQh,2025-03-06 23:13:26,7:40,229,372,41360,73,网络游戏,"LOL,英雄联盟,电子竞技,游戏杂谈,MOBA,拳头,riot,快速匹配,Swiftplay",
电棍otto：这是我打LOL以来，见过最硬的嘴！！！,电棍otto,BV1UT411J71h,2022-07-15 18:45:59,5:2,2705,34222,1521099,8752,电子竞技,"电子竞技,电竞,LOL,搞笑,实况,稳健棍,电棍,otto,奇葩队友",
【英雄联盟】2025赛季诺克萨斯主题CG | 《齿痕》,英雄联盟,BV1R9rSY5E2r,2025-01-08 00:00:00,5:12,5435,69359,1997943,17143,网络游戏,"LOL,英雄联盟,英雄联盟2025新赛季,英雄联盟2025赛季影片","来回答一个简单的问题吧……你，有多少力量？

你说不畏惧死亡
当铠甲褪去
为何只剩仓皇？

欢迎来到诺克萨斯 ⚔️ 2025赛季第一主题季即将上线！"
【LOL】螳......螳螂！👺,叨叨阳-,BV12v4y1P78a,2022-05-09 09:00:00,2:16,452,22331,992067,1710,电子竞技,"来亿点MOD,这MOD就离谱,电子竞技,LOL,自制,英雄联盟,沙雕","这个皮肤UP主自己做，有得英雄不会玩
对局回放录像，我是用wegame回放记录里主播的文件随便来录。"
大型纪录片之《LOL全明星疯狂给小乔送礼物》,PRXBubble,BV1n5XtYQENQ,2025-03-23 10:15:54,34:21,2,98,12804,41,网络游戏,"英雄联盟,小乔,电子竞技,乐言,huanfeng",弹幕告诉你什么是顶级串子
【单排爆爆】《lol手游》这期视频内容太多了，所以时间很长，请大家耐心观看！,单排爆爆,BV1mcXtYhEes,2025-03-23 10:00:00,18:9,231,767,19902,64,手机游戏,"逆风翻盘,MOBA,教程攻略,英雄联盟手游",
这TM才叫英雄联盟，全年最震撼的爆杀合集含金量天高！,路人王阿豪,BV19A41157PM,2021-04-02 17:31:39,3:58,348,9884,299555,1733,电子竞技,"电子竞技,网络游戏,精彩集锦,英雄联盟lol,精彩操作,全程高能,你懂不懂爆杀呀",英雄联盟超帅AOE爆杀精彩合集，这大概是召唤师们最想的视频了吧。
《lol手游解说》高手的瞎子不用花哨 简单的拳脚才厉害,杨逍逍i,BV1Em68Y9EwP,2024-12-29 17:58:19,12:1,250,4616,202537,435,手机游戏,"游戏解说,MOBA,英雄联盟手游",-
超简单无脑套路！通关恶魔难度，无伤秒杀最终boss。《LOL恶魔手契》,pipiku7,BV1KvoUYYE8n,2025-03-25 00:07:55,30:38,6,18,2684,11,电子竞技,"游戏,搞笑,LOL,无伤,BOSS,高能,秒杀,原神,极限竞速 春风破晓,极限竞速创作者激励计划3-4月,恶魔手契",核心就是三带二，装备选三连增伤、二连增伤、指令牌增伤，弃牌百分比和独行第二回合百分比或者其他的百分比，目标是在怪物出手前击杀，可以装备延迟怪物攻击一回合。这个套路从剧情模式无脑杀到恶魔一回没死过，精英怪全杀，省流可以从26分30秒开始看。
《lol手游解说》女生觉得男生玩什么英雄比较帅 听着故事就能把技术给学了,杨逍逍i,BV1VAm2Y5EE1,2024-11-11 18:00:00,15:7,562,4813,190075,793,手机游戏,"LOL手游,英雄联盟手游",-
